Date,Opinion,Pro,TweetText
3/16/19 3:30,Positive,Pro Gov,"Your Chowkidar is standing firm &amp; serving the nation.\n\nBut, I am not alone.\n\nEveryone who is fighting corruption, dirt, social evils is a Chowkidar.\n\nEveryone working hard for the progress of India is a Chowkidar.\n\nToday, every Indian is saying-#MainBhiChowkidar'"
3/15/19 13:02,Positive,Pro Gov,"This is a New India, where a person\xe2\x80\x99s performance matters, not pedigree. \n\nNo longer will dynastic politics act as a barrier to meritorious people joining the system &amp; working for society. \n\nDoors and opportunities are open for 130 crore Indians, not just a few powerful families. https://t.co/wwp4aroGT4'"
3/15/19 12:57,Positive,Pro Gov,"Public transport is convenient and comfortable. \n\nIn the last five years, Metro projects in many cities have begun and work is underway in many more. \n\nThis will further 'Ease of Living' for people. https://t.co/GQ8dU6zv2"
3/15/19 12:51,Positive,,Happy to see this! https://t.co/26gvVum5T9'
3/15/19 12:50,Positive,Pro Gov,"Honoured that we have got the opportunity to work for Pune's development. \n\nWe are committed to doing even more for the city and surrounding areas. https://t.co/reZOQqmHeZ"""
3/15/19 12:49,Positive,Pro Gov,Thanks for the faith in our work. https://t.co/QBHwZjAXSG'
3/14/19 16:09,Neutral,,Deeply anguished by the loss of lives due to the foot overbridge accident in Mumbai. My thoughts are with the bereaved families. Wishing that the injured recover at the earliest. The Maharashtra Government is providing all possible assistance to those affected.'
3/14/19 13:23,Positive,Pro Gov,Joined the ceremony to mark the presentation of the Gallantry Awards and Distinguished Service Decorations.\n\nIndia is proud of all those who protect the nation. \n\nTheir courage will be remembered for generations to come. https://t.co/t3fO87QdsV'
3/14/19 13:18,Positive,,"India First, India always! https://t.co/XKXkcb925Y'"
3/14/19 13:18,Positive,,"Great gesture! \n\nAlso, Kudos to the great Dabbawalas, whose notable work ensures lakhs of people are fed. https://t.co/9rGfvWZ27j'"
3/14/19 13:17,Positive,,"Voting in high numbers is not about politics but about national interest, for which 130 crore Indians must work together. https://t.co/sU0gUm042h'"
3/14/19 13:16,Positive,,Good effort! \n\nKeep doing so till the elections. https://t.co/EC0P3Bmrdv'
3/14/19 13:15,Positive,,Happy to know that Jan Aushadhi stores are reducing medical expenses and providing good quality medicines. https://t.co/aWHicI0Fbr'
3/14/19 11:24,Neutral,Pro Gov,"With the blessings of 130 crore Indians, what was deemed impossible for decades, by successive governments, is now possible.\n\nOur unwavering commitment to public welfare has ensured outstanding results for all sections of society. \n\nA lot has been done and we aim to do much more! https://t.co/ZGEvb6wxh'"
3/13/19 12:40,Neutral,Pro Gov,No place for middlemen.\n\nNo tolerance for corruption. \n\nNo fake beneficiaries swindling away recourses. \n\nThis is a New India. We have worked hard to remove corruption and punish the corrupt.\n\nDo read this fine piece by @arunjaitley Ji. https://t.co/uK4lWpREHx'
3/13/19 5:30,Neutral,,"My fellow Indians, \n\nUrging you all to strengthen voter awareness efforts across India. \n\nLet us all ensure maximum number of Indians come out to vote in the 2019 Lok Sabha elections.'"
3/13/19 5:25,Neutral,,"Dear @mathrubhumieng, @dinathanthi and Eenadu, \n\nYou have worked to give voice to people's aspirations.\n\nIncreased voter awareness is key to a strong democracy. \n\nI appeal to you to motivate people to vote in large numbers."""
3/13/19 5:16,Neutral,,"The media plays a vital role in a democracy. \n\nIt is also a strong influence on people's minds.\n\nI request @Sanjaygupta0702, @aroonpurie and @18RahulJoshi to work towards greater voter awareness and registration that ensures an impressive turnout at the hustings."""
3/13/19 5:15,Neutral,,"Urging @SrBachchan, @iamsrk and @karanjohar to creatively ensure high voter awareness and participation in the coming elections. \n\nBecause...its all about loving your democracy (and strengthening it). :)'"
3/13/19 5:14,Neutral,,"Voting is not only a right but it\xe2\x80\x99s also a duty. \n\nDear @BeingSalmanKhan and @aamir_khan, \n\nIt is time to inspire and motivate youth in your own Andaz to vote so that we can strengthen Apna Democracy &amp; Apna country.'"
3/13/19 5:13,Neutral,,"Dear @akshaykumar, @bhumipednekar and @ayushmannk, \n\nThe power of a vote is immense and we all need to improve awareness on its importance. \n\nThoda Dum Lagaiye aur Voting ko Ek Superhit Katha banaiye.'"
3/13/19 5:12,Neutral,,"I call upon veterans of the media world, @RajatSharmaLive, @subhashchandra and @vineetjaintimes to take the lead in highlighting the need to vote in large numbers. Doing so would ensure greater participation in democratic processes and strengthen our nation's development."""
3/13/19 5:12,Neutral,,"Dear @msdhoni, @imVkohli and @ImRo45, \nYou are always setting outstanding records on the cricketing field but this time, do inspire the 130 crore people of India to set a new record of high voter turnout in the upcoming elections. \nWhen this happens, democracy will be the winner!'"
3/13/19 5:10,Neutral,,"I appeal to @RSSorg, NCC, NSS, Nehru Yuva Kendra and @Brahmakumaris to help increase voter awareness and tap the power of society for democracy.'"
3/13/19 5:10,Neutral,,"Dear @anilkumble1074, @VVSLaxman281 and @virendersehwag - your heroic deeds on the cricket pitch have inspired millions. \n\nCome, it is time to inspire people once again, this time to vote in record numbers.'"
3/13/19 5:09,Neutral,,"I appeal to @RubikaLiyaquat, @anjanaomkashyap, @sudhirchaudhary, @rahulkanwal and the team of @republic to spread awareness on voter registration, and why every Indian, particularly the youth should vote. \n\nYour support can ensure more people exercise their franchise.'"
3/13/19 5:08,Neutral,,"Dear @BajrangPunia, @shankar_live and @BajpayeeManoj, \n\nYour talent and skill has entertained millions, and made India proud. \n\nYour voice is respected widely. \n\nPlease lend strength to our democracy by increasing voter awareness and inspiring people to vote.'"
3/13/19 5:05,Neutral,,"The prolific Phogat sisters, @geeta_phogat, @BabitaPhogat, @PhogatRitu and @Phogat_Vinesh manifest the best of Indian sporting talent. \n\nWe've seen you in the wrestling world. \n\nI urge you all to support the movement to ensure greater voter participation in the 'Chunavi Dangal.'"""
3/13/19 5:04,Neutral,,"Requesting @deepikapadukone, @aliaa08 and @AnushkaSharma to urge people to vote in large numbers for the coming elections. \n\nAs renowned film personalities whose work is admired by many, I am sure their message will have a positive impact on our citizens.'"
3/13/19 5:01,Neutral,,"Respected @CitiznMukherjee, \nBeing among India's most prolific statesmen and someone who has been active in politics for decades, you would understand the power of a vote. I request you to appeal to the people to enrich the festival of democracy by participating in large numbers."""
3/13/19 5:00,Neutral,,"When @mangeshkarlata Didi, @sachin_rt and @arrahman say something, the nation takes note!\n\nI humbly request these remarkable personalities to inspire more citizens to come out and vote in the 2019 elections. \n\nA vote is a great way to make the people's voice heard."""
3/13/19 4:54,Neutral,,"Dear @sarbanandsonwal, @himantabiswa, @SangmaConrad and @Neiphiu_Rio,  \n\nI request you to work towards increasing vote awareness in the Northeast. \n\nA vote is a powerful way for people to express and become active participants in India's growth trajectory."""
3/13/19 4:52,Neutral,,"Requesting @smitaprakash, @PTI_News, @navikakumar and @prasannavishy to embolden the cause of high voter turnout in the 2019 polls. As leading public voices associated with important platforms, your support on voter awareness will be valuable and beneficial for 130 crore Indians.'"
3/13/19 4:47,Neutral,,"My young friends @RanveerOfficial, @Varun_dvn &amp; @vickykaushal09, \n\nMany youngsters admire you. \n\nIt is time to tell them: Apna Time Aa Gaya Hai and that it is time to turn up with high Josh to a voting centre near you.'"
3/13/19 4:42,Neutral,,"Dear @RNTata2000, @anandmahindra and @ashishchauhan, \n\nIndia wins when our democracy gets strengthened. \n\nEnsuring maximum participation in voting is the perfect way to strengthen democracy. \n\nCan we all make this happen?'"
3/13/19 4:41,Neutral,,"Dear @srikidambi, @Pvsindhu1 &amp; @NSaina, \n\nThe core of badminton is the court and the core of democracy is the vote. \n\nJust like you smash records, do also inspire a record-breaking voter turnout. I request you to increase voter awareness &amp; motivate youth to vote in large numbers.'"
3/13/19 4:39,Neutral,,"India is proud of @Neeraj_chopra1, @DuttYogi and @WrestlerSushil. \nHowever, they made India win because they participated. I request Neeraj, Yogeshwar and Sushil to encourage people to participate in the elections and vote so that India wins here too!'"
3/13/19 4:38,Neutral,,"Dear @SriSri ji, @SadhguruJV ji, @yogrishiramdev ji and Sri M, \n\nSpiritual leaders like you inspire many through words and work. \n\nI request you to also inspire people towards greater democratic participation. \n\nPlease encourage greater voter awareness.'"
3/13/19 4:36,Neutral,,"Dear @k_satyarthi, @thekiranbedi and @sudarsansand, \n\nA vote gives voice to people's aspirations. \n\nAs widely respected personalities, your efforts towards increasing voter awareness will strengthen India's democracy. \n\nI request you to lend your voice for the same."""
3/13/19 4:35,Neutral,,"Dear @Mohanlal and @iamnagarjuna, \n\nYour performances have entertained millions over the years and you have also won many awards. I request you to create greater voter awareness and urge people to vote in large numbers.\n\nThe award here is, a vibrant democracy.'"
3/13/19 4:34,Neutral,,"Dear @HarsimratBadal_ , @ichiragpaswan and @AUThackeray, increasing awareness among the youth on the importance of voting is a paramount task in front of us. \n\nUrging you to do your best to ensure high public participation in the upcoming elections.'"
3/13/19 4:33,Neutral,,"Dear @NitishKumar, @irvpaswan and @pawanchamling5, soliciting your support and active participation in improving voting across the country in the coming elections. \n\nLet us strive to create an atmosphere where maximum voting can take place.'"
3/13/19 4:30,Neutral,,"I call upon KCR Garu, @Naveen_Odisha, @hd_kumaraswamy, @ncbn and @ysjagan to work towards bringing maximum Indians to the polling booths in the upcoming elections. May voter awareness efforts be strengthened across the length and breadth of India.'"
3/13/19 4:29,Neutral,,"I appeal to @RahulGandhi, @MamataOfficial, @PawarSpeaks, @Mayawati, @yadavakhilesh, @yadavtejashwi and @mkstalin to encourage increased voter participation in the upcoming Lok Sabha polls. A high turnout augurs well for our democratic fabric.'"
3/13/19 4:15,Neutral,,"Four requests for a stronger democracy.\n\nAn appeal to the voters of India, especially my young friends. \n\nhttps://t.co/sGsfK0p5lQ'"
3/12/19 3:34,Positive,,"Tributes to Bapu and all those who marched with him to Dandi in pursuit of justice and equality. \n\nSharing a few thoughts on the Dandi March, the ideals of Bapu and his disdain for the Congress culture in my blog.\n\nhttps://t.co/QVuDNCZoXL'"
3/11/19 13:35,Positive,,"Earlier today, had a wonderful interaction with a delegation of Parliamentarians from Bangladesh. https://t.co/BX2zmX449m'"
3/11/19 13:33,Positive,,Joined the ceremony in which Padma Awards were conferred on various distinguished citizens. \n\nCongratulations to all those who received the awards. \n\nIndia is proud of their exemplary service and accomplishments. https://t.co/QREg48bI5i'
3/11/19 13:31,Positive,,There was always a desire to serve Baba Bholenath and I am happy to have got that opportunity in the form of the Vishwanath Dham Project. https://t.co/y8sZ3ZTo72'
3/11/19 13:28,Positive,,Thank you! The Jan Aushadhi Kendras have helped crores of citizens across all age groups. It is a vital part of our efforts to ensure that healthcare is affordable and is of good quality. https://t.co/dTl2ZSMYfI'
3/11/19 13:27,Positive,,"Absolutely! The idea of 'One Nation, One Card' will further 'Ease of Living' and ensure a better quality of life, especially for those living in cities. https://t.co/sVcAkIBZRG"""
3/11/19 13:26,Positive,,Kannada is a beautiful language. https://t.co/opw8Rz4znA'
3/11/19 13:26,Positive,,Thank you. Hopefully more youngsters will know about the sacrifices of the great women and men who ensured we breathe the air of freedom. https://t.co/j8z9bfGMWQ'
3/11/19 13:25,Positive,,Nari Shakti has a central role in national progress. \n\nWe have always worked to create opportunities in various fields that empower women and ensure a life of dignity for them. https://t.co/3t0N0gTnx6'
3/11/19 13:24,Positive,,Greetings to Captain Amarinder Singh Ji on his birthday. Praying for his long and healthy life. @capt_amarinder'
3/11/19 7:35,Positive,,Boosting India and Bangladesh ties. Inaugurating key projects with PM Sheikh Hasina. Watch. https://t.co/Zhy5OAoouL'
3/11/19 3:45,Positive,,Majestic Gir Lion....Lovely picture! https://t.co/jl5zdxW9PV'
3/10/19 12:43,Positive,Pro Gov,"Guided by \xe2\x80\x98Sabka Saath, Sabka Vikas\xe2\x80\x99, NDA seeks your blessings again. \nWe spent the last five years fulfilling basic necessities that were left unfulfilled for 70 long years. Now, time has come to build on that and create a strong, prosperous &amp; secure India. #PhirEkBaarModiSarkar'"
3/10/19 12:41,Positive,Pro Gov,"India is proud that:\n\n2.5 crore families have electricity for the first time.\n\n7 crore households have smoke-free kitchens. \n\n1.5 crore Indians got their own homes.\n\nThese, and many other instances show that with the right approach and futuristic policies, nothing is impossible!'"
3/10/19 12:40,Positive,Pro Gov,Today:\n\n50 crore Indians have access to good quality and free healthcare. \n\n42 crore people of unorganised sector have access to old-age pension.\n\n12 crore farmer households get yearly monetary support of Rs. 6000.\n\nCrores of middle class families are exempt from income tax.'
3/10/19 12:39,Positive,Pro Gov,"Today, the people of India know that it is possible to:\n\nBecome the fastest growing economy.\n\nGive a befitting reply to terror. \n\nEliminate poverty at a record pace. \n\nMake India Swachh.\n\nRemove corruption and punish the corrupt. \n\nEnsure inclusive and extensive development.'"
3/10/19 12:38,Positive,Pro Gov,"The last five years have shown that with the blessings and participation of 130 crore Indians, what was earlier deemed impossible has now become possible. \n\n2019 polls are about a spirit of confidence and positivity with which India is fulfilling the aspirations of its people.'"
3/10/19 12:38,Positive,Pro Gov,Wishing all political parties and candidates the very best for the 2019 Lok Sabha elections. \n\nWe may belong to different parties but our aim must be the same- the development of India and empowerment of every Indian!'
3/10/19 12:35,Negative,Pro Gov,"In 2014, the people comprehensively rejected the UPA. There was unprecedented anger over the UPA\xe2\x80\x99s corruption, nepotism and policy paralysis. India\xe2\x80\x99s self-confidence was at an all-time low and the people of India wanted to rid the nation of such decay and pessimism.'"
3/10/19 12:33,Positive,,"Best wishes to the Election Commission, all those officials and security personnel who will be on the field, across the length and breadth of India assuring smooth elections. India is very proud of the EC for assiduously organising elections for several years.'"
3/10/19 12:33,Neutral,,"The festival of democracy, Elections are here. \n\nI urge my fellow Indians to enrich the 2019 Lok Sabha elections with their active participation. I hope this election witnesses a historic turnout. \n\nI particularly call upon first time voters to vote in record numbers.'"
3/10/19 9:56,Positive,,"We are all proud of @CISFHQrs's service to the nation. \n\nThey protect vital development infrastructure and thus, play a crucial role in India\xe2\x80\x99s growth.\n\nToday, on the 50th Raising Day of CISF, joined their programme and interacted with CISF personnel. https://t.co/HNIgUinvN3"""
3/10/19 9:50,Positive,,Paid tributes to the martyrs of @CISFHQrs for their outstanding service to the nation. https://t.co/pEMq7urBvS'
3/10/19 5:19,Positive,,India is proud of CISF! Watch my speech at their Raising Day programme. https://t.co/DebO2p0fC'
3/9/19 11:46,Positive,,"Ayushman Bharat has transformed lakhs of lives across India.\n\nHere is a book that chronicles a hundred such stories, of those who lead a healthier life thanks to Ayushman Bharat.\n\nRead, get inspired and share widely with others. \n\nhttps://t.co/xf3Y0O4jXg https://t.co/H8eM7KXM7M'"
3/9/19 11:43,Positive,,The Pandit Deendayal Upadhyaya Institute of Archaeology is a wonderful attempt towards connecting our coming generations with our glorious past. Happy to have inaugurated this institute today. https://t.co/hYRpsYzgNA'
3/9/19 11:42,Positive,,"Laid the foundation stones for thermal power plants in Buxar and Khurja. \n\nBy focussing on production, transmission, distribution and connection, the NDA Government has transformed the power sector. https://t.co/ZiJqdqIakA'"
3/9/19 11:42,Positive,,"Thank you Noida, for joining today's public meeting in such record numbers.\n\nI derive great strength from the blessings of the people. https://t.co/H6R0butrIs"""
3/9/19 10:33,Positive,Pro Gov,"Congratulations to the people of Chhattisgarh, Goa, Haryana, Himachal Pradesh, Jharkhand, Manipur, Meghalaya, Mizoram, Nagaland, Tripura and Uttarakhand for getting their own Doordarshan channels on DD Free Dish for the first time!'"
3/9/19 10:33,Positive,,"Glad to note that Prasar Bharati has brought 11 more State DD Channels on the Satellite footprint of India through DD Free Dish. This includes five channels for Northeastern states. This will go a long way in strengthening regional cultures and fulfilling people's aspirations. https://t.co/y5r9k6Mmws"""
3/9/19 7:44,Positive,Pro Gov,Inaugurating projects that will further \xe2\x80\x98Ease of Living\xe2\x80\x99 for people of Greater Noida. Watch. https://t.co/8B0QcA7xb3'
3/8/19 16:50,Positive,,With Party colleagues at the @BJP4India Parliamentary Board meeting. https://t.co/8jMSxWD0jC'
3/8/19 16:48,Positive,,India is united when it comes to fighting terrorism.\n\nIndia is proud of our armed forces and the nation trusts the forces.\n\n130 crore Indians have seen through the dirty politics of a handful of Opposition parties on national security! https://t.co/bDcxBfsMvy'
3/8/19 16:48,Positive,,Came back to Delhi from Ghaziabad via the Metro. \n\nHad delightful interactions with fellow passengers. https://t.co/6GTk2TPCw6'
3/8/19 16:38,Positive,,"Euphoric atmosphere at the public meeting in Ghaziabad, where multiple projects were inaugurated. Have a look at these pictures. https://t.co/nz5OOEf3EK'"
3/8/19 16:32,Positive,,"Do hear about the work happening in the Namami Gange Mission, and how it is positively impacting the people of Uttar Pradesh. https://t.co/XQHdbwaohG'"
3/8/19 16:30,Positive,,"The case of the Panki Power Plant shows best how BJP has worked on the energy sector in Uttar Pradesh while Congress, SP and BSP did simply nothing during their long tenures. https://t.co/AGT7Mh1T6q'"
3/8/19 16:29,Positive,,"Thoughtful and wonderful rendition, @ArkoPravo19! The song captures very well the accomplishments of India\xe2\x80\x99s Nari Shakti. \n\nMy best wishes. https://t.co/JAW7bf57pY'"
3/8/19 16:27,Positive,,RT @BJP4India: \xe0\xa4\xae\xe0\xa4\xb9\xe0\xa4\xbf\xe0\xa4\xb2\xe0\xa4\xbe\xe0\xa4\x93\xe0\xa4\x82 \xe0\xa4\x95\xe0\xa5\x8b \xe0\xa4\x86\xe0\xa4\xb0\xe0\xa5\x8d\xe0\xa4\xa5\xe0\xa4\xbf\xe0\xa4\x95 \xe0\xa4\x94\xe0\xa4\xb0 \xe0\xa4\xb8\xe0\xa4\xbe\xe0\xa4\xae\xe0\xa4\xbe\xe0\xa4\x9c\xe0\xa4\xbf\xe0\xa4\x95 \xe0\xa4\xb0\xe0\xa5\x82\xe0\xa4\xaa \xe0\xa4\xb8\xe0\xa5\x87 \xe0\xa4\xb8\xe0\xa5\x8d\xe0\xa4\xb5\xe0\xa4\xbe\xe0\xa4\xb5\xe0\xa4\xb2\xe0\xa4\x82\xe0\xa4\xac\xe0\xa5\x80 \xe0\xa4\xac\xe0\xa4\xa8\xe0\xa4\xbe\xe0\xa4\xa8\xe0\xa5\x87 \xe0\xa4\x95\xe0\xa5\x87 \xe0\xa4\xb2\xe0\xa4\xbf\xe0\xa4\x8f  \xe0\xa4\xae\xe0\xa5\x8b\xe0\xa4\xa6\xe0\xa5\x80 \xe0\xa4\xb8\xe0\xa4\xb0\xe0\xa4\x95\xe0\xa4\xbe\xe0\xa4\xb0 \xe0\xa4\xa6\xe0\xa5\x8d\xe0\xa4\xb5\xe0\xa4\xbe\xe0\xa4\xb0\xe0\xa4\xbe \xe0\xa4\x9a\xe0\xa4\xb2\xe0\xa4\xbe\xe0\xa4\x88 \xe0\xa4\x9c\xe0\xa4\xbe \xe0\xa4\xb0\xe0\xa4\xb9\xe0\xa5\x80 \xe0\xa4\xaf\xe0\xa5\x8b\xe0\xa4\x9c\xe0\xa4\xa8\xe0\xa4\xbe\xe0\xa4\x93\xe0\xa4\x82 \xe0\xa4\x95\xe0\xa4\xbe \xe0\xa4\xb2\xe0\xa4\xbe\xe0\xa4\xad \xe0\xa4\x89\xe0\xa4\xa0\xe0\xa4\xbe \xe0\xa4\xa8\xe0\xa4\xbe\xe0\xa4\xae\xe0\xa5\x81\xe0\xa4\xae\xe0\xa4\x95\xe0\xa4\xbf\xe0\xa4\xa8 \xe0\xa4\x95\xe0\xa5\x8b \xe0\xa4\xad\xe0\xa5\x80\xe2\x80\xa6'
3/8/19 16:27,Positive,,"RT @BJP4India: \xe0\xa4\xa8\xe0\xa5\x8d\xe0\xa4\xaf\xe0\xa5\x82 \xe0\xa4\x87\xe0\xa4\x82\xe0\xa4\xa1\xe0\xa4\xbf\xe0\xa4\xaf\xe0\xa4\xbe \xe0\xa4\x95\xe0\xa5\x80 \xe0\xa4\x95\xe0\xa4\xb9\xe0\xa4\xbe\xe0\xa4\xa8\xe0\xa5\x80, \xe0\xa4\xa6\xe0\xa5\x87\xe0\xa4\xb6 \xe0\xa4\x95\xe0\xa5\x80 \xe0\xa4\x8f\xe0\xa4\x95 \xe0\xa4\xac\xe0\xa5\x87\xe0\xa4\x9f\xe0\xa5\x80 \xe0\xa4\x95\xe0\xa5\x80 \xe0\xa4\x9c\xe0\xa5\x81\xe0\xa4\xac\xe0\xa4\xbe\xe0\xa4\xa8\xe0\xa5\x80... #NewIndia4NariShakti https://t.co/xkqDcVKpa1'"
3/8/19 13:12,Positive,,"Yesterday, I had a great time with Divyang friends at my residence. Sharing some memorable moments. https://t.co/1PlT12Igws'"
3/8/19 13:05,Positive,,"Self Help Groups play an important role in our society. During our tenure, new vigour has been added in the working of SHGs, which will further empowerment of women. https://t.co/R98z1SlrD7'"
3/8/19 12:33,Positive,,Inaugurating multiple development works in Ghaziabad. Watch. https://t.co/TiQEshT9SP'
3/8/19 12:31,Positive,,"Today, on International Women\xe2\x80\x99s Day, interacted with over 65 lakh women from 75,000 locations all over India. \n\nSharing some glimpses. https://t.co/6tmihBG6Qi'"
3/8/19 9:30,Positive,,Overwhelmed by the warmth and support in Kanpur. Watch my speech. https://t.co/SDCcrV80hW'
3/8/19 7:25,Positive,,Vishwanath Dham is an exercise happening at a scale unseen for many years. Among the notable aspects of the project is that Maa Ganga\xe2\x80\x99s Darshan from Kashi Vishwanath Temple will be possible. \n\nI would like to thank the people of Kashi for enthusiastically supporting the project. https://t.co/VQDLoGytXK'
3/8/19 7:23,Positive,,"Began my Kashi visit by praying at the Kashi Vishwanath Temple, a symbol of our culture\xe2\x80\x99s pride. In the Temple complex, performed the Bhumipujan of Vishwanath Dham project, a futuristic corridor around the Temple that will benefit several pilgrims and tourists coming to Kashi. https://t.co/bp8fRcMTZw'"
3/8/19 1:35,Positive,,Birthday greetings to @VasundharaBJP Ji. Vasundhara Ji\xe2\x80\x99s good work in Rajasthan ensured substantial progress in the state. Praying for her long and healthy life.'
3/8/19 1:15,Positive,,"On International Women's Day, we salute our indomitable Nari Shakti.\n\nWe are proud to have taken numerous decisions that have furthered women empowerment.\n\nEvery Indian is proud of the stupendous accomplishments of women in various spheres. #NewIndia4NariShakti https://t.co/NPTN62Lqek"""
3/7/19 15:23,Positive,,"The Dictionary of Martyrs of India\xe2\x80\x99s Freedom Struggle is a humble tribute to the great personalities who sacrificed their present for the glorious future of India. \nI compliment all those who have been working assiduously on this exercise, which is remarkable and one of its kind. https://t.co/iDmoQ1Cztu'"
3/7/19 15:21,Positive,,"We had a memorable programme at 7, Lok Kalyan Marg today. \n\nIn the presence of young Divyang friends, a new series of visually impaired friendly coins were launched. \n\nThese coins will help the visually impaired greatly. https://t.co/zKKLb2zXAf'"
3/7/19 13:57,Positive,,Janaushadhi Kendras across India are at the forefront of providing affordable medicines to the poor. This initiative has added significant strength to the efforts of the Central Government to ensure every Indian has access to healthcare that is of good quality and is affordable. https://t.co/2W8SuVmvqe'
3/7/19 13:56,Positive,,"Thanks to Janaushadhi Kendras, there is no need to go back from a medical store just because medicines are exorbitantly priced.\n\nOurs is a Government that cares and is ensuring affordable medicines for India's hardworking people. https://t.co/fNsimEvmJh"""
3/7/19 13:56,Positive,,"Healthcare costs in urban areas are rising considerably. In such times, Janaushadhi Kendras offer a ray of hope. Here is an interaction with people in Delhi. https://t.co/YcAHBQZcDt'"
3/7/19 13:55,Positive,Pro Gov,"In addition to creating a healthier India, the Pradhan Mantri Bhartiya Janaushadhi Pariyojana has created economic opportunities for many. \n\nDharmesh Bhai from Surat told me about his switch from a career in marketing to running a store under PMBJP. Have a look. https://t.co/jxIae4KTwh'"
3/7/19 13:54,Positive,Pro Gov,"The Rathore family from Rajasthan's Bikaner is more than satisfied with the quality of medicines thanks to Pradhan Mantri Bhartiya Janaushadhi Pariyojana. I thank young Lokendra for his kind words too. https://t.co/EdGgtbbVVZ"""
3/7/19 13:07,Positive,,India salutes all those greats who took part in the freedom struggle. https://t.co/IzwwlTisDD'
3/7/19 12:08,Positive,,A historic occasion for Maharashtra! Watch. https://t.co/dXNwEvdeiJ'
3/7/19 10:35,Positive,,Steps that will improve governance in the Northeast. Watch. https://t.co/uKq4H4xIQf'
3/7/19 7:34,Positive,,A great interaction with Pradhan Mantri Bhartiya Janaushadhi Pariyojana beneficiaries. Watch. https://t.co/86AlnK12an'
3/7/19 6:41,Positive,,"At 1 PM this afternoon, I will interact with beneficiaries and entrepreneurs associated with the Pradhan Mantri Bhartiya Janaushadhi Pariyojana, from over 5000 locations. During the interaction, beneficiaries will share their own experiences. Do watch live!'"
3/6/19 16:49,Positive,,"NDA\xe2\x80\x99s priorities are India First.\n\nNDA\xe2\x80\x99s policies put people first.\n\nOur decisiveness, work culture and track record are known to everyone.\n\nOpposition lacks proper leadership and a vision to take the country forward. https://t.co/eOotEiXHTr'"
3/6/19 16:48,Positive,,"The NDA is best suited to fulfil regional aspirations. \n\nCongress has always trampled over regional aspirations, pride and insulted any leader who does not bow to their High Command. https://t.co/BFQR3HWYp4'"
3/6/19 16:47,Positive,,"Son of the soil, Bharat Ratna MGR lives on in the hearts of crores of people.\n\nInaugurated a statue in his honour and also announced the decision to rename Chennai Central Station after him.\n\nNDA will always work hard to fulfil the dreams of MGR. https://t.co/mpdULpCU2C'"
3/6/19 16:47,Positive,,"I thank all those who joined the NDA rally in Kancheepuram, Tamil Nadu.\n\nNDA in Tamil Nadu is a wide ranging coalition, which will always work for the people of the state. \n\nI urge my sisters and brothers of Tamil Nadu to bless NDA in the upcoming elections. https://t.co/9W6jThQJoM'"
3/6/19 16:43,Positive,,"India is home to the world\xe2\x80\x99s largest healthcare programme, Ayushman Bharat.\n\nToday in Kalaburagi, I met beneficiaries of the flagship healthcare scheme and heard their experiences. https://t.co/UsBl360QQu'"
3/6/19 16:34,Positive,,"The NDA Government at the Centre has come down heavily on corruption. \n\nMiddlemen no longer get access to the corridors of power.\n\nThat is why, those who thrived in the earlier times dislike me and are getting together to form a \xe2\x80\x98Maha Milawat\xe2\x80\x99 or adulterated alliance. https://t.co/jU5ZKrMAU8'"
3/6/19 16:33,Positive,,"In Kalaburagi, highlighted steps taken by the Central Government for those associated with the sugarcane sector. https://t.co/iv75z0Mmwq'"
3/6/19 16:32,Positive,,These pictures from Kalaburagi show the strong support for @BJP4India.\n\nKarnataka is tired of the opportunistic alliance between Congress and JD(S).\n\nThey promised to waive loans but ended up harassing farmers and filing cases against them. https://t.co/f3KIY8UAaC'
3/6/19 11:48,Positive,,Vanakkam Kancheepuram. Happy to be here. Watch my speech at the NDA rally. https://t.co/NVHY5MiMju'
3/6/19 7:21,Positive,,Addressing a huge public meeting in Kalaburagi. Watch. https://t.co/VGUsk0WI2A'
3/6/19 2:55,Positive,,The @PrayagrajKumbh set notable records. Emphasis on cleanliness &amp
3/6/19 2:55,Positive,,"Congratulations to the people of UP, especially Prayagraj, and the entire State Government under CM @myogiadityanath Ji for the exceptional organisation of @PrayagrajKumbh. \n\nThis Kumbh showcased the best of our culture, spirituality and will be remembered for years to come.'"
3/6/19 2:52,Positive,,"RT @PrayagrajKumbh: Kumbh 2019 now holds a Guinness World Record. By organising the historic parade of 510 Shuttle Buses in #Kumbh2019,  Pr\xe2\x80\xa6'"
3/6/19 2:52,Positive,,"RT @PrayagrajKumbh: Another record achieved by Kumbh 2019.The Guinness World Record for ""Most contribution to a Handprint Painting in 8 hou\xe2\x80\xa6'"
3/6/19 2:52,Positive,,"RT @PrayagrajKumbh: #Kumbh2019 has made a Hattrick under the Guinness World Records, a new record of ""Most People Sweeping the Floor (Multi\xe2\x80\xa6'"
3/6/19 2:37,Positive,,Looking forward to being in Kancheepuram for the launch of many development works relating to road and railways sector. \n\nThe Ennore LNG Terminal will be dedicated to the nation. \n\nA statue of the great MGR will be unveiled at Dr. MGR Janaki College of Arts &amp
3/6/19 2:36,Positive,,"The foundation stone for the resitement of BPCL Depot Raichur to Kalaburagi will be laid. \n\nA women\xe2\x80\x99s hostel for students from the Northeast at Bangalore University will also be dedicated to the nation. \n\nLater, I shall address a @BJP4Karnataka gathering in Kalaburagi.'"
3/6/19 2:35,Positive,,"I will be in Kalaburagi today to launch key development projects. \n\nESIC Hospital and Medical College, Bengaluru, and the Super Specialty Block of KIMS, Hubballi will be dedicated to the nation. \n\nThere will also be an interaction with Ayushman Bharat beneficiaries.'"
3/5/19 16:36,Neutral,,"Last month, I had the honour of seeking the blessings of Boro Ma Binapani Thakur at Thakurnagar. I will always cherish the interaction I had with her. We stand in solidarity with the Matua community in this hour of sadness. https://t.co/kiD1FC3HWc'"
3/5/19 16:36,Positive,,"Boro Ma Binapani Thakur was an icon of our times. A source of great strength and inspiration for several people, Boro Ma\xe2\x80\x99s rich ideals will continue to influence generations. Her emphasis on social justice and harmony will never be forgotten.'"
3/5/19 15:35,Positive,,"Earlier today, prayed at Shree Annapurna Dham in Adalaj, Gujarat. https://t.co/eReZzf7bsx'"
3/5/19 15:29,Positive,,"In Dhar, interacted with beneficiaries of Ayushman Bharat. \n\nGlad that this initiative has transformed the lives of many by providing top quality and affordable healthcare. https://t.co/nRAee1EbYD'"
3/5/19 15:25,Neutral,,"Sharing some pictures from the massive rally in Dhar, Madhya Pradesh. @BJP4MP https://t.co/pY5QXYCrty'"
3/5/19 7:22,Positive,,Empowering every citizen. Launching the PM Shram Yogi Maan Dhan Yojana. https://t.co/I9oto5qQsG'
3/5/19 4:26,Positive,,"Dear @ChouhanShivraj Ji, best wishes on your birthday. Your energy and humility have endeared you to all sections of society. Madhya Pradesh always remembers your outstanding governance. \n\nLooking forward to being in Dhar later today and being with @BJP4MP Karyakartas.'"
3/5/19 4:24,Positive,,Remembering Biju Babu on his Jayanti. His noteworthy efforts for Odisha\xe2\x80\x99s development continue to be cherished by generations. He undertook numerous measures for empowerment of the poor and marginalised during his long years in public service.'
3/4/19 17:53,Positive,,"On the auspicious occasion of Mahashivratri, prayed at the Dholeshwar Mahadev Temple in Gandhinagar. \n\nHar Har Mahadev! https://t.co/OcgydqGKQQ'"
3/4/19 17:50,Positive,,"Here is how the dream of \xe2\x80\x98One Nation, One Card\xe2\x80\x99 was fulfilled today, furthering \xe2\x80\x98Ease of Living\xe2\x80\x99 for several citizens. https://t.co/Aw5AV3pQvQ'"
3/4/19 17:49,Positive,,"It\xe2\x80\x99s a memorable day in Ahmedabad\xe2\x80\x99s history. \n\nOur beloved Ahmedabad gets a Metro! \n\nInaugurated Phase-1, travelled on the metro and laid the foundation stone for Phase-2. \n\nWe want to provide convenient, and cost effective transportation in our cities. https://t.co/ybJEtdsJCV'"
3/4/19 15:36,Positive,,We are committed to building a society where gender sensitivity and gender equality are vital cornerstones https://t.co/L8rAiV91BX'
3/4/19 15:35,Positive,,"With the blessings of Maa Umiya, the Bhumipujan of Vishv Umiyadham took place amidst unparalleled enthusiasm. Here are some glimpses. https://t.co/ZLIjJHn2TJ'"
3/4/19 15:27,Positive,,The Guru Gobind Singh Hospital is a state-of-the-art centre that will improve healthcare infrastructure in Jamnagar and surrounding areas. Glad to have inaugurated it today. https://t.co/k2MpKdqPoD'
3/4/19 15:24,Positive,,"People from all walks of life joined the public meeting at Jamnagar.\n\nSpoke about Gujarat's outstanding growth trajectory. Also highlighted the importance of water conservation and discussed the important steps taken by the NDA Government for farmer welfare. https://t.co/Jlt4OkfmcY"""
3/4/19 13:47,Positive,,Speaking at the inauguration of New Civil Hospital in Ahmedabad..Join Live! https://t.co/z7wSBZkPAa'
3/4/19 10:23,Positive,,Jai Umiya Mata! At the Bhumipujan of Vishv Umiyadham. https://t.co/oSCu65jh5s'
3/4/19 7:11,Positive,,Delighted to be in Jamnagar. Inaugurating various development works. Watch. https://t.co/KqMavEOJk4'
3/4/19 2:15,Positive,,#Mahashivratri greetings to everyone. \n\n#\xe0\xa4\xae\xe0\xa4\xb9\xe0\xa4\xbe\xe0\xa4\xb6\xe0\xa4\xbf\xe0\xa4\xb5\xe0\xa4\xb0\xe0\xa4\xbe\xe0\xa4\xa4\xe0\xa5\x8d\xe0\xa4\xb0\xe0\xa4\xbf \xe0\xa4\x95\xe0\xa5\x87 \xe0\xa4\xaa\xe0\xa4\xbe\xe0\xa4\xb5\xe0\xa4\xa8 \xe0\xa4\x85\xe0\xa4\xb5\xe0\xa4\xb8\xe0\xa4\xb0 \xe0\xa4\xaa\xe0\xa4\xb0 \xe0\xa4\xb8\xe0\xa4\xad\xe0\xa5\x80 \xe0\xa4\xa6\xe0\xa5\x87\xe0\xa4\xb6\xe0\xa4\xb5\xe0\xa4\xbe\xe0\xa4\xb8\xe0\xa4\xbf\xe0\xa4\xaf\xe0\xa5\x8b\xe0\xa4\x82 \xe0\xa4\x95\xe0\xa5\x8b \xe0\xa4\xac\xe0\xa4\xb9\xe0\xa5\x81\xe0\xa4\xa4-\xe0\xa4\xac\xe0\xa4\xb9\xe0\xa5\x81\xe0\xa4\xa4 \xe0\xa4\xb6\xe0\xa5\x81\xe0\xa4\xad\xe0\xa4\x95\xe0\xa4\xbe\xe0\xa4\xae\xe0\xa4\xa8\xe0\xa4\xbe\xe0\xa4\x8f\xe0\xa4\x82\xe0\xa5\xa4 \n\n\xe0\xa4\x8a\xe0\xa4\x81 \xe0\xa4\xa8\xe0\xa4\xae: \xe0\xa4\xb6\xe0\xa4\xbf\xe0\xa4\xb5\xe0\xa4\xbe\xe0\xa4\xaf!'
3/3/19 17:00,Positive,,"In Ahmedabad, will inaugurate the New Civil Hospital. Shall also dedicate to the nation, a Women Children &amp; Super Specialty Hospital, Cancer Hospital, Eye Hospital and Dental Hospital. This health infrastructure will greatly help people get affordable &amp; quality healthcare. https://t.co/btf2cRXiuQ'"
3/3/19 17:00,Positive,,"In Ahmedabad, various projects relating to healthcare and the railways will also be dedicated to the nation. https://t.co/YOdD77D73n'"
3/3/19 16:58,Positive,,4th March 2019- a historic day for the wonderful people of Ahmedabad. \n\nPhase-1 of the Ahmedabad Metro is going to be inaugurated. This project will further \xe2\x80\x98Ease of Living\xe2\x80\x99 for the people of Ahmedabad. \n\nThe foundation stone for Phase-2 of the Metro will also be laid. https://t.co/MGxWaccYqP'
3/3/19 16:56,Positive,,"At Jaspur, I will lay the foundation stone for the Vishva Umiyadham Complex. \n\nAfter that, I would be going to Ahmedabad to inaugurate vital infrastructure projects for the city.'"
3/3/19 16:55,Positive,,The Bandra-Jamnagar Humsafar Express will be flagged off tomorrow. \n\nA 51 km long pipeline from Aaji-3 to Khijadiya will be dedicated to the nation. \n\nThe foundation stone to double the Rajkot-Kanalus Railway line will also be laid.'
3/3/19 16:55,Positive,,"I look forward to visiting Gujarat tomorrow and the day after. I will be joining programmes in various parts of the state. \n\nIn Jamnagar, I will dedicate to the nation the Annexe of the Guru Gobind Singh Hospital. Various works relating to the SAUNI Yojana will also be unveiled.'"
3/3/19 15:34,Positive,,"The NDA Government is proud of our Defence Forces and will do everything possible to strengthen the forces.\n\nThose who ruled India for years neglected the forces when in power and now, when they are out of power these people are busy questioning our forces. \n\nShame! https://t.co/1KBYVFrYxd'"
3/3/19 15:34,Positive,Pro Gov,"The work done by the NDA Government for Amethi should have been done years ago.\n\nSadly, it was not done. https://t.co/fnVjZs8Ur3'"
3/3/19 15:33,Positive,,"A boost to \xe2\x80\x98Make in India\xe2\x80\x99 and India-Russia friendship. \n\nThe AK-203, that will be manufactured in Amethi will strengthen our armed forces and help them fight terrorists. https://t.co/l08lQZ4DJz'"
3/3/19 15:31,Positive,,"Gratitude to the people of Amethi for blessing us today.\n\nThose in whom the people of Amethi placed their faith have ignored this great place for several years. \n\nIn the 2019 elections, history will be created in Amethi! https://t.co/OETYg5XymV'"
3/3/19 13:25,Positive,,Great atmosphere at the NDA rally in Patna. I thank all those who joined the rally at the historic Gandhi Maidan. https://t.co/UV4ol7q9Ec'
3/3/19 11:27,Positive,,NDA Government is committed to Amethi\xe2\x80\x99s progress. Addressing a public meeting in Amethi. Watch. https://t.co/fk2g2PYqkN'
3/3/19 4:33,Positive,,Looking forward to being among my sisters and brothers of Amethi today. \nhttps://t.co/0ykWiviZiZ\n\nvia NaMo App https://t.co/uLt1P2lCFR'
3/3/19 4:31,Positive,,"This afternoon, I would be joining the NDA rally at Patna\xe2\x80\x99s iconic Gandhi Maidan. \n\nWatch my address at the rally live on the NaMo App.'"
3/3/19 3:26,Positive,,Their token approach versus our total approach...here is a glimpse of which approach has been more effective. https://t.co/mFJoXg9jke'
3/3/19 3:25,Positive,,"Congress' approach of doles and deals harmed our Jawans and Kisans the most.\n\nNow, times have changed. Public welfare and poverty alleviation matter over everything else. https://t.co/lu6jSCF1IU"""
3/3/19 3:23,Positive,,This is a New India. \n\nWe are fully capable of protecting our nation and giving a befitting reply to those who disturb the atmosphere of peace. https://t.co/6e5m3WS4Zx'
3/2/19 16:39,Positive,,Interacting with bright youngsters at the Grand Finale of Smart India Hackathon. https://t.co/Fz0rZTwFFJ'
3/2/19 15:02,Positive,,Speaking at the India Today Conclave on a wide range of issues. Watch! https://t.co/9v2U0dQfH3'
3/2/19 13:52,Positive,,"At 8 PM, will be addressing the @IndiaToday Conclave 2019. Watch my address on channels of the India Today group. #LetsConclave19'"
3/2/19 12:05,Positive,Pro Gov,"Congratulations to @BJP4India family for the successful organisation of the #BJPVijaySankalpBikeRally in various parts of India. I thank people from all walks of life, particularly my young friends for joining the rallies in large numbers. Great seeing such energy and positivity.'"
2/25/19 16:45,Negative,,I found it surprising that the Congress would oppose Aadhaar but the reasons are now clear. Know why... https://t.co/VeLke2YYxU'
2/24/19 12:02,Positive,Pro Gov,"For @BJP4India, hardworking Karyakartas are the biggest assets of the party. \n\nThey are serving society with great diligence. \n\nOn 28th February, I look forward to interacting with crores of Karyakartas, spread across more than 15,000 locations. #MeraBoothSabseMazboot https://t.co/BRN1pcIsgO'"
2/23/19 12:17,Neutral,,Lok Sabha MP Shri S Rajendran will be remembered for his community service initiatives. He diligently worked for the development of Viluppuram and Tamil Nadu. Saddened by his demise. My thoughts are with his family and supporters in this hour of grief.'
2/18/19 4:06,Positive,,Happy to know about the successful operation. \n\nBest wishes for your good health Ashok Ji. @ashokgehlot51 https://t.co/jRWYjc3oi6'
2/16/19 13:00,Positive ,Pro Gov,"Ayushman Bharat is having a positive impact among the poor, SC and ST communities of Maharashtra. \n\nThanks to Ayushman Bharat, good quality and affordable healthcare is no longer a dream\xe2\x80\xa6 https://t.co/vGrhh90vIv'"
2/16/19 12:57,Neutral,,"The dastardly attack in Pulwama has anguished the nation. \n\nYes, this is a time of great sadness. \n\nBut, I assure every family that a befitting reply will be given! https://t.co/k9eSlfAePf'"
2/13/19 4:45,Positive,,I wholeheartedly support the #DrugFreeIndia movement organised by @SriSri Ji and his team. Their efforts will spread great awareness on the menace of substance abuse. Efforts like these reflect the collective will of our society towards a better and healthier future. @ArtofLiving'
2/12/19 12:53,Positive,Pro Gov,I am really happy to see @BJP4India leaders and Karyakartas strengthen the #MeraParivarBhajapaParivar movement across India. \n\nIt is wonderful to see the BJP endearing itself to all sections of society and being at the forefront of raising issues of public welfare.'
2/11/19 14:46,Positive,,3 billion meals is a remarkable feat!\n\nHappy to have joined the programme organised by the Akshaya Patra Foundation and interact with these wonderful youngsters. https://t.co/Elcy7pNBg'
2/10/19 13:27,Negative,Pro Gov,"Never forget how arrogant Congress ministers insulted the middle class. In all their years in power they didn\xe2\x80\x99t do anything for the middle class. \n\nIn our 55 months, the NDA has focused on \xe2\x80\x98Ease of Living\xe2\x80\x99 for the middle class. https://t.co/mZ8CmaA6wu'"
2/10/19 13:23,Negative,Pro Gov,"Here a deal, there a deal, everywhere a deal...this is how Congress views defence sector. Always wanting to make money. \n\nFor us, what matters is a strong India and the welfare of those who serve the nation. https://t.co/Uk2GyJevGv'"
2/10/19 8:56,Positive,Pro Gov,"The BJP has served, is serving and always will serve the people of Andhra Pradesh. \n\nIn the last four and a half years, whatever had to be done to ensure justice for my sisters and brothers of Andhra Pradesh, we have done.\xc2\xa0\n\nWe stand with Andra Pradesh and its great people. https://t.co/FwjbblvwUS'"
2/10/19 8:47,Negative,Pro Gov,"From fighting the Dushta Congress under the formidable NTR Garu to becoming a Dost of Congress, the TDP has come a long way. \n\nAndhra Pradesh has seen the TDP\xe2\x80\x99s true colours. https://t.co/6tRpJ92vMp'"
2/9/19 16:35,Positive,,Honoured to have unveiled a statue of the great Maharaja Bir Bikram Kishore Manikya Bahadur at the airport in Agartala. https://t.co/mecMeU7sxl'
2/9/19 12:23,Negative,Pro Gov,"During Congress rule, the headlines from the Northeast indicated sheer neglect and apathy. The headlines now reflect positivity and development. \n\nCongress has zero respect for Assam\xe2\x80\x99s culture. They had no will to implement important parts of the Assam Accord.'"
2/9/19 12:16,Positive,Pro Gov,"When it comes to Bharat Ratnas, those who ruled the nation for 55 years had a fixed approach- the award for some was reserved the moment they were born while others were ignored. \n\nAtal Ji\xe2\x80\x99s Government and the present NDA Government honoured two greats from Assam. https://t.co/ythLqhNcnq'"
2/9/19 9:10,Negative,Pro Gov,"55 years of one party and 55 months of BJP... in all spheres of Arunachal Pradesh\xe2\x80\x99s development, our work has been quicker and all-inclusive. \n\nThe Congress ignored the youth of the state and their apathy towards the Jawans guarding our nation is anyway well known. https://t.co/lTZys2q6yG'"
2/9/19 9:05,Positive,Pro Gov,"Arunachal Pradesh...\n\nA land associated with the rising Sun, brightness and a land that is home to courageous and warm-hearted people. \n\nHappy to have been in Itanagar. Several projects were initiated that will transform lives of the people of the state. https://t.co/tZ0LWY6XAm'"
2/9/19 8:07,Positive,,I bow to Assam\xe2\x80\x99s great culture. Addressing a rally in Amingaon. Watch. https://t.co/pjRoUN9AeO'
2/8/19 15:27,Negative,Pro Gov,Congress style of politics- every ten years promise a waiver that is poorly conceived and benefits only a handful of farmers. \n\nIn Chhattisgarh Congress came to power promising waivers too but it\xe2\x80\x99s been two months and the benefits have not reached the farmers. \n\nShame. https://t.co/jMagrpjSVV'
2/8/19 15:24,Negative,Pro Gov,"Pictures from the public meeting in Raigarh.\n\nPeople of Chhattisgarh are already disappointed with the Congress government in the state. \n\nI talked about the steps taken by the Centre for the welfare of the farmers, middle class and unorganised sector. @BJP4CGState https://t.co/NoToIahn2m'"
2/8/19 1:53,Positive,Pro Gov,Various development projects will be initiated in Jalpaiguri today. \n\nThese will greatly benefit the people of West Bengal. \n\nhttps://t.co/HNOjDIS4nQ'
2/7/19 16:43,Negative,Pro Gov,"History, Congress style:\n\nBC- Before Congress\xe2\x80\xa6the era where nothing happened.\n\nAD- After dynasty\xe2\x80\xa6the era where everything happened and that too thanks to one family. \n\nThis is reflective of the arrogance that got them from 400 to 44! https://t.co/MApE5IrqtX'"
2/7/19 16:42,Negative,Pro Gov,"Congress imposed Emergency.\nCongress insults the Armed Forces.\nCongress goes on foreign soil and spreads lies about democratic processes.\nCongress misuses Article 356.\n\nYet, they say Modi destroys institutions. \nHow much do they lie? https://t.co/bz7hVBArzG'"
2/3/19 16:36,Positive,,"Had the wonderful opportunity of interacting with Sarpanchs from across Jammu and Kashmir. \n\nI admire these remarkable men and women, who have shown great courage and are working to transform lives. https://t.co/wFSFRXJdTD'"
2/3/19 16:33,Negative,Pro Gov,"The NDA Government has made sincere efforts to enhance the prosperity of farmers.\n\nAll the Congress could do for years is to think about poorly conceived loan waivers!\n\nWhen the PM Kisan Samman Nidhi was announced, the Opposition was stunned. \n\nhttps://t.co/cn4IgVN1od'"
1/29/19 4:07,Positive,,"When we think of Mr. George Fernandes, we remember most notably the fiery trade union leader who fought for justice, the leader who could humble the mightiest of politicians at the hustings, a visionary Railway Minister and a great Defence Minister who made India safe and strong.'"
1/29/19 4:06,Neutral,,"George Sahab represented the best of India\xe2\x80\x99s political leadership. \n\nFrank and fearless, forthright and farsighted, he made a valuable contribution to our country. He was among the most effective voices for the rights of the poor and marginalised. \n\nSaddened by his passing away.'"
1/28/19 14:14,Positive,,The people of Madurai welcomed me with great enthusiasm. \n\nIt is my privilege that I have got the opportunity to work for the development of Tamil Nadu. https://t.co/DObV9QOzSt'
1/28/19 14:12,Positive ,,"Seeing the brilliant youngsters of the NCC reaffirms my belief that India's future is bright thanks to our talented Yuva Shakti. https://t.co/M8stIHaZBs"""
1/28/19 9:22,Positive ,Pro Gov,"Thanks to the power of technology, Pariksha Pe Charcha Townhall Programme can be seen in several schools and colleges across India. \n\nThis is an excellent opportunity to show solidarity with our hardworking and talented students who are preparing for exams.'"
1/28/19 9:18,Positive,,"Happy to see this. \n\nThese mementos I got during various programmes showcase the best of India\xe2\x80\x99s diversity and artistic skills.\nFor years, the mementos I receive have been auctioned.\n\nThe proceeds of these mementoes will go towards Namami Gange. Know more.\nhttps://t.co/24KXmM28ck'"
1/27/19 17:12,Negative,Pro Gov,"To settle personal scores, leaders of the Kerala Congress played with India\xe2\x80\x99s strategic interests. \n\nCan such a Party ever think about the welfare of 130 crore Indians? https://t.co/IHxPw75sK4'"
1/27/19 17:12,Negative,Pro Gov,The Opposition is bankrupt when it comes to a positive agenda for India\xe2\x80\x99s development.\n\nTheir respect for institutions is minimal.\n\nCongress leaders are also going abroad to insult people\xe2\x80\x99s mandates.\n\n130 crore Indians are seeing everything! They will punish such forces. https://t.co/SumAmymgIm'
1/26/19 12:12,Positive,,"I had a great interaction with @YourStoryCo on aspects relating to startups, innovation, entrepreneurship, MSME sector and more. Have a look. https://t.co/hCA6s51LJW'"
1/25/19 15:03,Positive,,"The songs and music of Shri Bhupen Hazarika are admired by people across generations. From them radiates the message of justice, harmony and brotherhood. \n\nHe popularised India's musical traditions globally. \n\nHappy that the Bharat Ratna has been conferred on Bhupen Da."""
1/25/19 13:28,Positive,,"India and South Africa are shaped by the ideals of the great Mahatma Gandhi and the venerable Madiba. \n\nGuided by their thoughts, we are committed towards ensuring peace and prosperity for the people of our nations as well as deepening cooperation in various sectors. https://t.co/lo8JSk3aaf'"
1/24/19 13:55,Positive,,Dev Dushyantkumar Joshi has distinguished himself as an actor. His work in TV serials has been admired all over. Happy to have met this winner of the Bal Shakti Puraskar. https://t.co/jFtXN2fpMA'
1/24/19 13:44,Positive,,Meeting and knowing brave Nikhil Jituri was a pleasure. He saved the life of a two-year-old who accidentally fell into a deep open well. Our young friend from Karnataka showed great courage and presence of mind. I congratulate Nikhil on winning the Bal Shakti Puraskar! https://t.co/kcQXjyB0dm'
1/24/19 13:36,Positive,,"Anish, from Haryana, is great at aiming and achieving. He is an international Gold medalist young shooter who won at the Commonwealth Games in Gold Coast. I congratulate young Anish on winning the Bal Shakti Puraskar and wish him great success in the future! https://t.co/ag61VLybpq'"
1/24/19 13:20,Positive,,More power to Megha Bose\xe2\x80\x99s scholastic zeal! She distinguished herself at several Olympiads and quizzes. It was wonderful to interact with her and discuss a wide range of issues. Happy that she has been conferred the Bal Shakti Puraskar. https://t.co/8Uv8nooNQN'
1/24/19 13:09,Positive,,"Through theatre, Prathyaksha B R has been spreading awareness about the importance of toilets in homes. \n\nShe conducted plays in remote villages of Karnataka and inspired people to construct toilets in their home. \n\nHappy that she has got the Bal Shakti Puraskar. https://t.co/gLL0tvvkvR'"
1/24/19 13:06,Positive,,Delhi\xe2\x80\x99s Madhav Lavakare made an affordable wearable assistive device for the hearing impaired called \xe2\x80\x98Transcribe.\xe2\x80\x99 \nIt aims to bridge the communication gap between hearing impaired persons and those with hearing ability but not knowing sign language.\nHappy to have met him today. https://t.co/0TEqUc6mdA'
1/24/19 13:00,Positive,,"Towering efforts, outstanding outcomes! \nArunima Sen has done great work. She developed a model for energy efficient skyscrapers, solution to increase barley yield &amp; a device determining micronutrient levels in a body using strands of hair. \nGlad she won the Bal Shakti Puraskar. https://t.co/NUrzAVegz5'"
1/23/19 11:08,Positive,Pro Gov,Having a great interaction with Karyakartas from Maharashtra. Watch. https://t.co/GOLEXovUEJ'
1/23/19 7:23,Positive,,"It was extremely humbling to inaugurate four museums relating to India's rich history and culture. \n\nThis entire complex of museums will be known as Kranti Mandir as a tribute to the revolutionary zeal and courage of our great freedom fighters. https://t.co/9mNUTWzUIS"""
1/20/19 13:17,Positive,,Happy to know! My best wishes. https://t.co/2RIREPVVSC'
1/20/19 13:01,Negative,Pro Gov,"NDA governments at the Centre and Maharashtra have undertaken record number of initiatives for the farmers. \n\nOn the contrary, Congress and NCP\xe2\x80\x99s notable contribution was irrigation scam and total apathy towards farmers. https://t.co/lr2S3t6E9r'"
1/20/19 4:21,Positive,,"Looking happy as always, Manoj Bhai! https://t.co/csYxdp5SwL'"
1/20/19 4:18,Positive,,"When @KapilSharmaK9 appreciates somebody's humour, it sure makes that person happy and I am no exception. :)\n\nThank you for the kind words Kapil. https://t.co/SHVTH6vI8p"""
1/20/19 4:17,Positive,,"Happy to have met you, @arrahman. https://t.co/QGQSRmMmnU'"
1/19/19 16:41,Positive,Pro Gov,They got together in Kolkata with no agenda but to stop BJP.\n\nThey talk of democracy in a state where the ruling party does not even allow local elections democratically. \n\n130 crore Indians are watching their games with great amusement. \n\nIndia will give them a befitting reply!'
1/19/19 16:38,Positive,,"The progress made by the Union Territories of Dadra and Nagar Haveli, as well as Daman and Diu in the last four years will make you very happy! https://t.co/NhD1D0oIFT'"
1/18/19 16:31,Positive,,The laser show at Dandi Kutir is wonderful! \n\nTechnology has merged with history and the show takes the viewers through the life of the great Bapu. \n\nHappy to have inaugurated the show today. https://t.co/TOUHJeM880'
1/18/19 16:23,Positive,,I am happy to be visiting the Union Territory of Dadra and Nagar Haveli tomorrow. The foundation stone for a medical college in Sayli will be laid. This institution is going to open many opportunities in the healthcare sector. Youngsters from nearby areas will benefit greatly.'
1/18/19 16:21,Positive,,"Mr. Andrej Babi\xc5\xa1, the Prime Minister of the Czech Republic and I held wide-ranging talks in Gandhinagar. His presence at the Vibrant Gujarat Summit is a great gesture. We discussed bilateral cooperation in defence, transportation and manufacturing. https://t.co/ttVYVcc5Ca'"
1/18/19 10:52,Positive,,Great meeting with PM @JosephMuscat_JM of Malta. Our talks will add tremendous strength to bilateral ties between our nations and benefit the people of our countries. https://t.co/pHwdnNcBCt'
1/17/19 16:27,Positive,,At the Ahmedabad Shopping Festival I too could not resist from shopping! Purchased some Khadi products using the RuPay card.\n\nI urge you all- keep buying Khadi and contribute to the empowerment of lakhs of weavers associated with the industry. It is also a great tribute to Bapu! https://t.co/DVTAIwFJz2'
1/17/19 16:25,Positive,,"Today is a big day for Ahmedabad! \n\nThe city is hosting a first of its kind shopping festival. \n\nThis festival is a great opportunity for entrepreneurs and consumers. It has a wide range of products, a good mix of the traditional and the modern. https://t.co/b8TAkoFMHJ'"
1/16/19 13:59,Positive,,Happy to know. There is always so much to learn from Karyakartas and volunteers. \n\nTheir strong support is cherished by our Party. https://t.co/mQioVXUvTW'
1/15/19 15:18,Positive,Pro Gov,"Today, India is growing rapidly. This is powered by the hard-work &amp; talent of the people of our nation.\n\nFrom economy to ease of doing business &amp; from start-ups to satellites, we are achieving great progress in each sector. https://t.co/5AukEcEr5R'"
1/15/19 13:50,Positive,,"We are happy that due to the efforts of the Centre, rail and air connectivity has improved across Odisha. \n\nWith better connectivity, comes more opportunity and faster development. https://t.co/qBqVpNTGFJ'"
1/14/19 7:19,Positive,,Happy #Uttarayan. \n\nMay you all scale new heights of progress in the times to come. https://t.co/MpEy6BhyF4'
1/14/19 7:13,Positive,,#HappyMakarSankranti to everyone! https://t.co/9LnlZWGDi'
1/13/19 13:05,Positive,,Have a great Lohri! https://t.co/ri7yDxJq1d'
1/12/19 11:11,Negative,Pro Gov,"There is a Common Process, and there is a Congress Process.\n\nThe Congress Process encouraged favouritism, corruption, nepotism and compromised India\xe2\x80\x99s welfare.\n\nAfter coming to power, we transformed the processes and the results are for everyone to see. https://t.co/n3py4jIM5G'"
1/11/19 3:26,Negative,Pro Gov,"A TN BJP Karyakarta asked me about the record corruption in the Congress years, which was implicitly admitted by a former PM of their party and the honest, pro-people governance under NDA.\n\nThis is what I said to him. https://t.co/YZUTbFloDZ'"
1/11/19 3:22,Positive,,"Collect, verify and correct.\n\nKnow what I said about how more technology has made access to information easier but also places a great responsibility on us. https://t.co/I2U4m4nT7K'"
1/10/19 16:18,Positive,,"Commendable decisions taken by the GST council, which will greatly help MSMEs, traders and the services sector.\n\nWe remain committed to a simple and people-friendly GST. https://t.co/L4b4bufe1J'"
1/9/19 17:05,Positive,,"By passing The Constitution (One Hundred And Twenty-Fourth Amendment) Bill, 2019, we pay tributes to the makers of our Constitution and the great freedom fighters, who envisioned an India that is strong and inclusive.'"
1/9/19 14:09,Positive,,"More sports, better health and a fitter nation! \n\n#5MinuteAur is a great effort that will further fitness levels across India. \n\nIt\xe2\x80\x99s also wonderful to see noted athletes talk about their own experiences vis-\xc3\xa0-vis spending more time on the field. @kheloindia'"
1/8/19 10:58,Positive,,The foundation stones of the following works will also be laid in Solapur:\n\nUnderground Sewerage System under AMRUT Mission.\nImprovement in Water Supply and Sewerage System.\nAugmentation of Drinking Water Supply from Ujani Dam to Solapur City.\nThese will greatly benefit citizens.'
1/6/19 12:29,Positive,,"People across AP are realising the lies of TDP and the state government. \n\nThe CM has betrayed the great NTR twice. \n\nTelugu pride is about working for the people diligently, not focusing on son-rise and corruption. https://t.co/PitGrCiV6y'"
1/5/19 15:25,Positive,,Thank you Baripada for the great welcome. \n\nHere are pictures from the rally. https://t.co/f6GB2GM8ZL'
1/5/19 15:21,Positive,,"The great Odia culture always gives topmost importance to women empowerment. \n\nHowever, the current Government in Odisha has not worked hard for the welfare of the state\xe2\x80\x99s Nari Shakti. https://t.co/miirjdgpFe'"
1/5/19 13:34,Negative,Pro Gov,"We have transformed the housing sector. More houses are being built with better facilities, allocated without favouritism and aimed at women empowerment. \n\nCongress built few houses, allowed middlemen to make merry and named schemes after members of one family! https://t.co/bKdYGKrymN'"
1/4/19 15:25,Positive,,"A paradigm shift in the way projects are initiated and completed. \n\nHappy to share that work on several projects, including the FCI Food Storage Godown at Sawombung started after 2014 and they have been completed.\n\n This ensures fast paced development. https://t.co/r1VqdEZ189'"
1/4/19 15:20,Negative,Pro Gov,"When it comes to the development of the Northeast, our Government has left no stone unturned. \n\nThe contrast with previous Congress Governments, and the result of our efforts are for everyone to see. https://t.co/jsqbgyx8qc'"
1/4/19 9:56,Positive,,Happy to be among the people of Assam. Watch my speech at Silchar. https://t.co/QQGuOz6Eh0'
1/3/19 14:57,Negative,Pro Gov,"Rewards, Congres style!\n\nIf one is associated with the 1984 anti-Sikh massacre, one gets to become MP, CM thanks to Congress.\n\nInstead of focussing on public welfare, their interest lies more in ensuring people do not sing Vande Mataram.\n\nVery sad... https://t.co/NNOlJqmDc9'"
1/3/19 14:02,Positive,,2018 was a great year for Indian science. \n\nOur nation achieved a lot and we must do a lot more in the years to come so that science continues to enhance India\xe2\x80\x99s progress. https://t.co/unqxdhoT1c'
1/3/19 14:01,Positive,,"Beloved Shastri Ji gave us the slogan- Jai Jawan, Jai Kisan.\n\n20 years ago, the great Atal Ji added Jai Vigyan.\n\nToday, the need of the our is to add Anusandhan (research) to it.\n\nJai Jawan, Jai Kisan, Jai Vigyan, Jai Anusandhan. https://t.co/jpPwS7Yyjz'"
1/3/19 10:15,Positive,,Great euphoria at the huge rally in Gurdaspur. Here is my speech. https://t.co/ScGYpvLNCa'
1/3/19 6:36,Positive,,Our party is blessed to have the support of such hard-working volunteers.\nMy best wishes to everyone. Happy volunteering :)\nhttps://t.co/Vo5PaLEWzK'
1/2/19 14:17,Negative,Pro Gov,"Karyakartas told me how NTR Garu referred to Congress as 'Dushta Congress' but for TDP today, it is 'Dost Congress.\xe2\x80\x99\n\nPeople know the reality of TDP and Congress. \n\nBased on our work in the last 4.5 years, I can confidently say that it is BJP that will fulfil AP\xe2\x80\x99s aspirations. https://t.co/5ocqnYglFk"""
1/1/19 7:25,Neutral,,"Kader Khan Ji brightened the screen with his stupendous acting skills and lightened it thanks to his unique sense of humour. \n\nHe was also a prolific screenwriter, associated with many memorable films. \n\nSaddened by his demise. Condolences to his family and admirers.'"
1/1/19 3:04,Positive,,Wishing everyone a joyous 2019!\n\nMay everyone be happy and healthy. I pray that all your wishes are fulfilled in 2019.'
12/31/18 14:18,Positive,,Happy to know! My best wishes to you. https://t.co/YNqMar75GE'
12/30/18 13:06,Positive,,Among those imprisoned at Cellular Jail was the great Veer Savarkar. I visited the cell where the indomitable Veer Savarkar was lodged. Rigorous imprisonment did not dampen Veer Savarkar\xe2\x80\x99s spirits and he continued to speak and write about a free India from jail too. https://t.co/dbsyzuVUjA'
12/30/18 13:04,Positive,,"Cellular Jail...this is where colonial rulers sent several nationalists and freedom fighters who fiercely resisted imperialism. \n\nToday, I had the privilege of visiting the Cellular Jail and paying homage to those greats who toiled for us and our freedom. https://t.co/ofPCLmxjs3'"
12/30/18 9:16,Positive,,Happy to announce important decisions relating to agriculture and fisheries. These will help protect local culture of the Andaman and Nicobar islands as well as increase livelihood opportunities. https://t.co/1LcPF8HDWt'
12/30/18 9:13,Positive,Pro Gov,"Giving wings to the aspirations of our Yuva Shakti. \n \nThe upcoming ITI will greatly benefit youngsters.\n \nThe Government is building vital sporting infrastructure, which will further popularize sports in the UT and boost fitness levels. https://t.co/JzBy1qaJKU'"
12/30/18 9:08,Neutral,,Our country is grateful to Shri Mrinal Sen for giving us some of the most memorable films. \n\nThe dexterity and sensitivity with which he made films is noteworthy. His rich work is admired across generations. \n\nSaddened by his demise. My thoughts are with his family and admirers.'
12/30/18 5:30,Positive,Pro Gov,"Happy to be connecting once again, thanks to #MannKiBaat. Tune in. https://t.co/2kJdT6On0S'"
12/29/18 12:29,Positive,Pro Gov,It is a matter of pride for Kashi that this great city is now home to the International Rice Research Institute South Asia Regional Centre. This Centre harnesses the power of technology and innovation for the benefit of our farmers.\n\nGlimpses from the inauguration today. https://t.co/7sSZTLrfSH'
12/29/18 10:31,Negative,Pro Gov,"The moment Governments changed in MP and Rajasthan, urea shortages began and so have Lathis on farmers. \n\nIn Karnataka, farmers are suffering.\n\nOn what basis is Congress talking about farmer welfare? \n\nThe NDA govt. is taking many steps for a robust agriculture sector. https://t.co/RCMgJ31M50'"
12/28/18 14:36,Positive,,"India is delighted to welcome @PMBhutan Dr. Lotay Tshering. We had fruitful talks, focused on deepening cooperation in hydropower, space technology, economy and several other areas. Strong ties between our nations greatly benefit our citizens. https://t.co/oNbDtuFbR4'"
12/28/18 3:12,Positive,,Birthday wishes to my valued colleague Shri @arunjaitley Ji. He has made a valuable contribution as our Finance Minister. He has also distinguished himself as a great Parliamentarian. Praying for his long and healthy life.'
12/27/18 14:03,Negative,Pro Gov,Congress is a master at misleading farmers. \n\nTheir fake promises and tokenism will not cut ice with the hardworking farmers of India. https://t.co/VgNupyi3ZE'
12/26/18 16:07,Positive,,Assamese is a great language and the culture of Assam is special. https://t.co/Qa7jcDMOPs'
12/26/18 16:05,Positive,Pro Gov,We are happy that we have got the opportunity to work for the development of Eastern and Northeastern India. \n\nOur efforts are transforming lives in these regions. https://t.co/3VVQwMLiy'
12/25/18 16:27,Neutral,,Saddened by the demise of Padma Shri Sulagitti Narasamma Ji. Her efforts of providing midwifery services in Karnataka will always be remembered. Her kindness endeared her to the poorer sections of society. My thoughts are with her family and vast number of admirers.'
12/25/18 15:00,Neutral,,"Rashtrapati Ji led the nation in paying tributes to the venerable Atal Ji at 'Sadaiv Atal\xe2\x80\x99, which is Atal Ji\xe2\x80\x99s Samadhi.\n\nIndia is eternally grateful to Atal Ji for everything he has done for the nation. https://t.co/z6zrASYImY"""
12/25/18 14:49,Positive,Pro Gov,"From bigger roads, rail connectivity to better healthcare facilities, the Northeast is witnessing a great transformation during the last four years. https://t.co/uC3aXE0NL0'"
12/24/18 15:13,Positive,,"Honouring those who gave their life for India\xe2\x80\x99s freedom.\n\nThe Paika Rebellion was a watershed moment in our history. It demonstrated the valour of the Odia people. \n\nToday, released a stamp and coin on the Paika Rebellion and remembered the greats who fought colonial rule. https://t.co/SmPTCasgQR'"
12/24/18 15:02,Positive,Pro Gov,"Today, on the eve of beloved Atal Ji's Jayanti, a commemorative coin was released in his honour. Widely respected by everyone, Atal Ji's strong leadership ensured great progress for our country. He was a leader who put national interest above everything. \n\nhttps://t.co/A3IOfv1125 https://t.co/p0tQzBmm2w"""
12/24/18 9:05,Neutral,,Saddened by the demise of Captain Jai Narain Prasad Nishad Ji. He served our nation with great diligence. Captain Nishad\xe2\x80\x99s efforts for the progress of Bihar were noteworthy. His work towards empowering the poor will always be remembered. Condolences to his family and supporters.'
12/23/18 16:00,Positive,Pro Gov,"I salute your passion for India\xe2\x80\x99s growth and thank you for the faith in our Government. \n\nWhen we have well wishers like you, I am sure we will be able to convey our work to the people with great effectiveness. https://t.co/toHXRFWIvV'"
12/23/18 13:45,Neutral,,Saddened by the loss of lives and destruction in Indonesia caused by the Tsunami after the eruption of a volcano. Condolences to the bereaved families and wishing the injured an early recovery. India is ready to assist our maritime neighbour and friend in relief work. @jokowi'
12/23/18 10:27,Negative,Pro Gov,"Many Mahagathbandhan leaders are ardent followers of Dr. Lohia. By allying with Congress, they are disrespecting his ideals.\n\nPeople will also never forget how Congress humiliated greats like MGR and NTR. \n\nOpposition\xe2\x80\x99s only interest is dynasty, not development. https://t.co/m4VOXchOaX'"
12/21/18 5:25,Positive,,"Paid tributes to the great Sardar Patel at the \xe2\x80\x98Statue of Unity.\xe2\x80\x99 \n\nAs India\xe2\x80\x99s Home Minister, his contribution towards building the framework of our security systems is immense. https://t.co/RgV86GNBPG'"
12/19/18 14:23,Positive,Pro Gov,Haryana trusts BJP! \n\nI thank the people of Haryana for continuously reposing their faith in @BJP4Haryana.\n\nWe derive great strength from the people\xe2\x80\x99s blessings and reaffirm our commitment to work for Haryana\xe2\x80\x99s progress. \n\nhttps://t.co/zAVBWppf7Q'
12/18/18 12:32,Positive,,"Happy to see the passion among members of the film and entertainment industry towards the development of India. \n\nThey talked at length about ways to further Mumbai\xe2\x80\x99s development, particularly with regard to making it a global hub for entertainment.'"
12/18/18 12:30,Positive,,"In Mumbai today, released the book \xe2\x80\x98Timeless Laxman.\xe2\x80\x99 This book is based on the life of the great RK Laxman, whose rich work and indomitable spirit continue to be admired and remembered by every Indian. https://t.co/lm26VsDMyQ'"
12/16/18 16:25,Negative,Pro Gov,"Congress has disdain for the judiciary. \n\nAfter all, it was the Courts that kept a check on Congress\xe2\x80\x99 authoritarianism. \n\nDisrespecting a Court decision, the then PM imposed the Emergency in 1975 and struck a heavy blow on freedom of speech and expression. https://t.co/PJjuYbM9h1'"
12/16/18 16:23,Positive,,"It makes me very happy that the people of Prayagraj and the UP Government are devoting special attention to cleanliness.\n\nThese efforts are also in line with our emphasis on cleanliness, particularly a clean Ganga. https://t.co/hd107s3WB6'"
12/16/18 16:22,Positive,Pro Gov,"Today in Prayagraj, several projects were inaugurated or their foundation stones were laid. These will improve the quality of life for the people of this great city. \n\nI am glad that pilgrims coming for the Kumbh will also be able to visit the Akshay Vat. https://t.co/NZOOjHL4W4'"
12/16/18 6:18,Positive,,Happy to be in Raebareli. Watch my speech at the public meeting. https://t.co/G1usbS8jIA'
12/14/18 14:21,Negative,Pro Gov,Kerala has seen Congress and Communist rule. Both are efficient in corruption and inefficient in governance. \n\nBJP is different from the two and promises a people-friendly and non-corrupt government in Kerala. https://t.co/IK5NzRrzB4'
12/13/18 11:29,Positive,,Paid homage to the martyrs of the 2001 Parliament attack. \n\nIndia will never forget their bravery. These great people lived and lost their lives for the nation. https://t.co/yGTSkn4Ia'
12/12/18 14:40,Positive,,"The Sustainable Development Agenda reminds us why partnerships- between citizens, communities and countries- are essential.\n\nTogether, let us empower citizens and communities for the greater good of humankind. https://t.co/1O2hNYw8tl'"
12/11/18 16:22,Positive,,Congratulations to the Congress for their victories. \n\nCongratulations to KCR Garu for the thumping win in Telangana and to the Mizo National Front (MNF) for their impressive victory in Mizoram.'
12/11/18 2:50,Positive,,Greetings to Pranab Da on his birthday. India has benefitted greatly from his wisdom and statesmanship. We are grateful to him for his excellent service during his long years in active politics and administration. I pray for Pranab Da\xe2\x80\x99s long and healthy life. @CitiznMukherjee'
12/10/18 12:26,Positive,,Dr. Urjit Patel is a thorough professional with impeccable integrity. He has been in the Reserve Bank of India for about 6 years as Deputy Governor and Governor. He leaves behind a great legacy. We will miss him immensely.'
12/10/18 1:52,Neutral,,"Extremely saddened by the demise of Shri Jagdish Thakkar, the PRO in the PMO. Jagdishbhai was a veteran journalist and I had the pleasure of working with him for years, both in Gujarat and in Delhi. He was known for his simplicity and warm-hearted nature.'"
12/9/18 2:55,Positive,,"Happy to see 'Yuva Shakti.' \n\nIndia's 'Yuva Shakti' is India's pride! https://t.co/2StliIBur8"""
12/5/18 11:13,Negative,Pro Gov,"What did Congress do for the promotion of Khadi?\n\nWe are working to make Khadi popular worldwide. \n\nNow, when the Khadi Jacket is again popular and people call it a \xe2\x80\x98Modi Jacket\xe2\x80\x99 the Congress has a problem. Reason is their hatred towards me. https://t.co/zc4Dk7GrUm'"
12/4/18 12:00,Positive,,Great atmosphere at the rally in Jaipur. Watch. https://t.co/NsbTpk6bnx'
12/3/18 16:36,Positive,,"The great members of our Constituent Assembly did not support the idea of Minority Reservations. Yet, parties in Telangana are promising it.\n\nNot only is it illegal, it also makes me wonder- are these parties going to do injustice to SCs, STs and OBCs? They must answer. https://t.co/r1Up8AybdF'"
12/3/18 16:34,Negative ,,"KCR Garu started with the Youth Congress.\n\nHe dutifully served under Chandrababu Naidu Garu. \n\nHe became a Central Minister thanks to Congress. \n\nSo, who is whose A, B and C teams? https://t.co/WMQSDXQ0qt'"
12/3/18 16:31,Negative,Pro Gov,"The same Congress leaders who are calling TRS the BJP\xe2\x80\x99s B-team were calling JD(S) the BJP\xe2\x80\x99s B-team in Karnataka, only to stitch an opportunist alliance with them after the results. \n\nCongress and TRS are one. Both are only interested in family politics. https://t.co/ilWPDvX6Al'"
12/3/18 16:30,Negative,Pro Gov,Congress- dynasty\n\nTRS- dynasty \n\nTDP- dynasty \n\nAIMIM- dynasty \n\nThese parties only care about the interests of their respective families. \n\nBJP cares about the people of Telangana and their wellbeing. https://t.co/qW9FctjGqi'
12/3/18 13:12,Positive,,Hello Hyderabad! Delighted to be among the people of this great city. Watch my speech. https://t.co/bYgpuR8O6r'
12/3/18 12:22,Negative,Pro Gov,"If there is one party that has caused and furthered agrarian distress in India, it is Congress. \n\nCongress took away the land of farmers and their \xe2\x80\x98telephone banking\xe2\x80\x99 ensured favourable loans to their industrialist friends. \n\nWe are fighting this and will continue doing so. https://t.co/lZkSQ14gXn'"
12/2/18 12:09,Positive,,"My friend, PM @netanyahu, Happy Hanukkah to you and the people of Israel. May this special occasion further the spirit of brightness and happiness. May everybody be healthy and prosperous.'"
12/1/18 17:15,Positive,,"Excellent meeting with PM @sanchezcastejon. There is great potential in India-Spain cooperation, particularly in areas relating to @makeinindia and urban development. We also discussed avenues to deepen cultural ties between our nations. https://t.co/izg1g5ZErr'"
12/1/18 14:56,Positive,,"Happy to meet my friend, @MinPres Mark Rutte. Our talks today focussed on boosting economic and cultural ties between India and the Netherlands. https://t.co/i9p3JvNmbJ'"
11/30/18 19:05,Positive,,"JAI (Japan, America, India) trilateral marks the coming together of three friendly nations. \n\nToday's historic JAI meeting was a great beginning. PM @AbeShinzo, @POTUS and I held fruitful talks aimed at furthering connectivity, maritime cooperation and a stable Indo-Pacific. https://t.co/8Lw7kj9waN"""
11/27/18 13:58,Negative,Pro Gov,Congress and TRS have no right to talk about the welfare of farmers. \n\nIt is the BJP that has worked assiduously towards ensuring prosperity of our industrious farmers. https://t.co/rZ5TgoqHr7'
11/27/18 13:52,Negative,Pro Gov,"Thankful to the people of Nizamabad for joining today's rally. \n\nThere is a friendly fight between Congress and TRS. After all, KCR Garu has happily worked with Madam. He is also inspired by the Congress and promotes dynasty politics.\n\nOnly BJP can solve Telangana\xe2\x80\x99s problems. https://t.co/oEFzVptD3r"""
11/27/18 6:48,Positive,,Happy to be in Telangana. Addressing a public meeting in Nizamabad. Watch. https://t.co/DT8N5ntXq7'
11/26/18 15:37,Negative,Pro Gov,"Addressed a rally in Kota. In Rajasthan, BJP is drawing phenomenal support from all sections of society. Youngsters feel if there is one party that can further Rajasthan\xe2\x80\x99s progress it is BJP. Congress works only for a privileged few, not to mention their record corruption. https://t.co/OTjkkzNhuT'"
11/26/18 12:03,Negative,Pro Gov,"There is a reason state after state, people have rejected the once mighty Congress.\n\nCongress' arrogance combined with their colossal misgovernance has angered people. https://t.co/WlSoBjN2ZH"""
11/26/18 12:02,Negative,Pro Gov,"Rajasthan is a land closely associated with the Army. Several people from this state serve and protect the nation.\n\nCongress' repeated insults towards the Army will not be appreciated by people of this land. https://t.co/Kj47CcNwOE"""
11/26/18 3:07,Positive,,On Constitution Day we recall with pride the stellar contribution of the greats who served in our Constituent Assembly. We are proud of our Constitution and reiterate our commitment to uphold the values enshrined in it. \n\nHere is what I said during yesterday\xe2\x80\x99s #MannKiBaat. https://t.co/Bx0Y60mUsw'
11/26/18 2:59,Positive,,"Happy that you enjoyed your Kashi visit and witnessed the city's transformation! @AnilKapoor https://t.co/7jK1TgK7N6"""
11/26/18 2:56,Negative,Pro Gov,"Congress ignored the Northeast, despite receiving people's support for years. \n\nThere is lot of work to be done in Mizoram and BJP is committed to serving the great people of Mizoram and fulfilling their dreams. @BJP4Mizoram https://t.co/Vu3y6T162E"""
11/25/18 16:11,Negative,Pro Gov,Addressed a massive rally in Jabalpur. I have travelled across Madhya Pradesh in the last few days and I see strong support for @BJP4MP. \n\nThe state has immense trust in the leadership of @ChouhanShivraj Ji. \n\nMemories of Congress misrule still haunt the people of M.P. https://t.co/f9MhucQ196'
11/25/18 13:58,Negative,Pro Gov,"New tricks of the Congress:\n\nSend lawyers to the Rajya Sabha.\n\nObstruct key legislation.\n\nArmtwist the courts. \n\nAnd, if a Judge does not give verdicts they like then bully them with impeachment threats. \n\nCongress\xe2\x80\x99 black deeds will not succeed till I am here. https://t.co/qJeOiPDZDR'"
11/25/18 13:54,Negative,Pro Gov,"Congress strategy for the elections:\n\nAbuse my Mother.\n\nMake indecent comments about my caste.\n\nThe character of the Congress is anti-backward. No wonder some of the most horrific instances of violence against Dalits, OBCs have happened when Congress is in power. https://t.co/Hw1uV35Ujm'"
11/25/18 6:54,Positive,,Happy to be in \xe2\x80\x98Veerbhoomi\xe2\x80\x99 Rajasthan. Speaking at a massive rally in Alwar. Watch. https://t.co/FZMnuMfDNC'
11/24/18 13:28,Negative,Pro Gov,"BJP is a party for all sections of society, we want everyone's blessings.\n\nCongress does not want votes of SC/ST communities, it only wants votes from one section of society. Congress wants to divide MP! https://t.co/xj32IajpB"
11/24/18 9:38,Negative,Pro Gov,"Due to his hardwork and humility, Shivraj Ji is affectionately called \xe2\x80\x98Mama\xe2\x80\x99 by the youth of the state.\n\nCongress has a problem with that. Because for them, such affection is reserved for the likes of Mr. Quattrocchi and Mr. Warren  Anderson. https://t.co/1BiPnTU7fD'"
11/24/18 9:36,Negative,Pro Gov,"It has been 15 years since MP comprehensively rejected the Congress and under BJP, the state has seen unparalleled growth. \n\nDays of Congress\xe2\x80\x99 \xe2\x80\x98divide and rule\xe2\x80\x99 are over, now only the BJP\xe2\x80\x99s development agenda strikes a chord with the people. https://t.co/6Soj0b5zXL'"
11/24/18 9:35,Negative,Pro Gov,"Completing projects on time is not the interest of the Congress. Their interest lies in awarding contracts to known persons.\n\nIn the last few years, many projects of MP pending at the level of the Centre have been completed. This has benefitted the state's people. https://t.co/x7fZI43j0U"""
11/23/18 13:33,Negative,Pro Gov,"Sadly, in Mizoram, Government contracts are only given if you are related to top Congress leaders. Such a work culture has slowed the development journey of the state. https://t.co/2k4cS5SNua'"
11/23/18 13:32,Negative,Pro Gov,"The history and culture of Mizoram makes every Indian proud. \n\nUnfortunately, the Congress leaves no opportunity to mock the culture of our tribal communities, of Mizoram and of the Northeast. Congress will not be forgiven for doing so. https://t.co/vFIKEHsQjJ'"
11/20/18 12:48,Negative,Pro Gov,"Look how the Karnataka Government is treating farmers. They are calling farmers \xe2\x80\x98goons\xe2\x80\x99 and harassing them. This is unacceptable! \n\nCongress, which is an integral part of the Government should stop talking about farmer welfare. Their actions show they do not care for farmers. https://t.co/VuBh4w89bI'"
11/20/18 12:46,Negative,Pro Gov,Congress institutionalised corruption in India.\n\nIt is high time Congress returns to the poor what they looted from them for decades. https://t.co/j4mjTdpSyR'
11/20/18 12:46,Negative,Pro Gov,"In the name of 'Loan Melas' the tribal communities were harassed and exploited. Congress allowed this to go on. \n\nTimes have changed and the BJP has worked assiduously for the welfare of tribals, ensuring financial inclusion and economic empowerment. https://t.co/SPTvk8XjU4"""
11/20/18 12:45,Negative,Pro Gov,"There is massive support for the BJP in Jhabua. \n\nPeople of this area have seen the good work of the MP Government for the last 15 years. \n\nThey have also seen how the Congress failed to ensure progress for years, when the party was in power. @BJP4MP https://t.co/jUi6HLV4y6'"
11/19/18 2:10,Positive,,Rani Lakshmibai is a source of inspiration for every Indian. Her fortitude in the face of adversity and steadfast opposition to colonialism will never be forgotten. It is due to greats like her that India won freedom. Remembering her on her Jayanti.'
11/18/18 15:56,Negative,Pro Gov,"Congress is a confused Party, led by a confused leadership that cannot provide good governance to the people of Madhya Pradesh. https://t.co/Rh2hH9fmHA'"
11/18/18 15:55,Negative,Pro Gov,"People in Madhya Pradesh have horrific memories of the Congress misrule, that ended 15 years ago. \n\nNo wonder the Congress does not want the former Chief Minister in their midst to campaign for the party. https://t.co/5BNzaQqAPn'"
11/18/18 15:54,Negative,Pro Gov,"NDA's strong measures against corruption and black money have angered Congress and their eco-system, which is why they abuse me daily. https://t.co/KxoWSymaYn"""
11/18/18 15:53,Negative,Pro Gov,"Congress' double standards are amusing. \n\nThey talk about cow welfare in Madhya Pradesh, while their Party leaders in Kerala show disregard for the cow. https://t.co/tHnZCwlIqN"""
11/18/18 15:51,Negative,Pro Gov,"In their desperation to win in Madhya Pradesh, Congress is giving tickets to people from all kinds of backgrounds. \n\nWhy is the Congress creating a bad political culture in the state? https://t.co/sGNW4gNXGS'"
11/18/18 9:47,Negative,Pro Gov,"Chhindwara is tired of Congress' false promises. They have faith in BJP. Here is my speech at the rally. https://t.co/fNq5aEnar1"""
11/18/18 9:06,Negative,Pro Gov,"We are placing our faith in the youth of India. We are empowering them to become job creators and entrepreneurs. \n\nWe opened the doors of banks for the poor while the Congress' 'telephone banking' created India's NPA mess. https://t.co/Wb9OOwr3TJ"""
11/18/18 9:06,Negative,Pro Gov,"Make a person outside the Nehru-Gandhi the Congress Party President for five years and I will agree that Pandit Nehru made a 'Chaiwallah' the PM. \n\nIndia has not forgotten how a stalwart like Sitaram Kesri Ji was treated by one family. https://t.co/f4HC0XJii7"""
11/16/18 15:14,Negative,Pro Gov,"In a different parts of the state, Congress speaks different languages. \n\nIn Chhindwara they say someone is CM, in Gwalior they say someone else is CM. Do they think people are foolish?\n\nCongress should answer who is their CM face in Madhya Pradesh! https://t.co/GpOOWLywXf'"
11/16/18 15:13,Negative,Pro Gov,In Madhya Pradesh:\n\nOver 50 years of Congress rule.\n\n15 years of BJP serving the state.\n\nCompare our work on any parameter. \n\nGovernance under BJP is far better! https://t.co/SgQOkF2QY'
11/16/18 15:12,Negative,Pro Gov,"Congress feels- 'it is either us or no one.' This party exists only for the welfare of one family.\n\nThat is why they disturbed all non-Congress Governments and never wanted stability. https://t.co/RNfNdfMZUI"""
11/16/18 15:11,Negative,Pro Gov,"Gwalior has always given tremendous affection to the BJP. This is a land closely associated with Rajmata Scindia, who was humiliated by the Congress High Command. \n\nPeople of Gwalior will never support those who insulted Rajmata Scindia. https://t.co/ELRJmqgwC8'"
11/16/18 13:47,Negative,Pro Gov,"From 2000 to 2003, what did the Congress do in MP and Chhattisgarh? Those who were serving as Chief Ministers during that period owe answers to the people.\n\nPromises were broken, aspirations were unfulfilled. We can't allow these leaders or the Congress culture to return. https://t.co/1meTy8tl7s"""
11/16/18 13:46,Negative,Pro Gov,"In the name of making houses for the poor, Congress leaders filled their own pockets.\n\nHowever, under @BJP4CGState things are different. We are not only building more houses but also enhancing the dignity of women through these houses. https://t.co/i2MLEZXvC5'"
11/16/18 13:46,Negative,Pro Gov,"Congress' sense of entitlement is legendary! \n\nWhy is it that before every election they start making remarks about my poverty and background? \n\nMocking the poor and referring to them pejoratively is the Congress way of doing things. https://t.co/LXFbPFKI1e"""
11/16/18 13:45,Negative,Pro Gov,"When one comes to Chhattisgarh, one thinks about the statesmanship of Atal Ji, who created this state. \n\nCompare how amicably Atal Ji created three states, with the animosity and bitterness with which Congress divided Andhra Pradesh. https://t.co/4UAH8OBDCz'"
11/15/18 3:19,Positive,,"A boost to technology, innovation and youth power. \n\nHappy to have met innovators who won prizes in the first ever Singapore-India Hackathon. They talked about their extensive work. I was impressed by their passion and commitment towards solving problems our world faces. https://t.co/GLRIAe4wRf'"
11/15/18 3:11,Positive,,Cementing old bonds in pursuit of a glorious future. \n\nHad a great interaction with ASEAN leaders at the ASEAN-India Informal Breakfast Summit. We are happy that ties with ASEAN are strong and are contributing to a peaceful and prosperous planet. @ASEAN https://t.co/uDL8FBnRKX'
11/14/18 15:48,Positive,,India is making remarkable strides in Fintech thanks to our youth and I am sure this is going to continue in the years to come. https://t.co/rvUaJQaUCv'
11/14/18 8:01,Positive,,Happy to have met PM @leehsienloong in Singapore. \n\nWe had fruitful talks on deeper India-Singapore friendship as well as how India-ASEAN relations contribute to peace and prosperity in the region. https://t.co/itK4VcjZmg'
11/13/18 14:46,Positive,,"Delighted to meet you @jack! Happy to see the passion with which you\xe2\x80\x99re leading @Twitter. \n\nI enjoy being on this medium, where I\xe2\x80\x99ve made great friends and see everyday the creativity of people. https://t.co/aUElNJyahk'"
11/12/18 11:45,Positive,,Happy to be in Kashi. Inaugurating several development projects. Watch my speech. https://t.co/2slKAFH3ml'
11/12/18 1:00,Neutral,,"I spoke to his wife, Dr. Tejaswini Ji and expressed condolences on the passing away of Shri Ananth Kumar Ji. My thoughts are with his entire family, friends and supporters in this hour of grief and sadness. Om Shanti.'"
11/12/18 0:57,Positive,Pro Gov,"Ananth Kumar Ji was an able administrator, who handled many ministerial portfolios and was a great asset to the BJP organisation. He worked hard to strengthen the Party in Karnataka, particularly in Bengaluru and surrounding areas. He was always accessible to his constituents.'"
11/12/18 0:57,Neutral,,"Extremely saddened by the passing away of my valued colleague and friend, Shri Ananth Kumar Ji. He was a remarkable leader, who entered public life at a young age and went on to serve society with utmost diligence and compassion. He will always be remembered for his good work.'"
11/11/18 8:01,Positive,,Making Kashi cleaner and healthier through sewerage projects which will have a long-term impact on the city and surrounding areas. \n\nThe inauguration of 140 MLD Dinapur STP will add great strength towards the efforts of cleaning the Ganga. https://t.co/Ne7bOmX3BU'
11/11/18 7:50,Positive,,"One of the projects I will be inaugurating in Kashi tomorrow is the Varanasi Ring Road Phase 1, which will be a source of great convenience and relief for the people of Kashi. It will reduce travel time and fuel usage.\n\nAnd yes, going to Sarnath also gets a lot easier now! https://t.co/YjOFSjcBlo'"
11/9/18 14:54,Negative,Pro Gov,"Urban Maoists live in big cities, lead comfortable lives but they wreck the lives of those living in rural areas. \n\nCongress does everything possible to protect and support these Urban Maoists. They owe an answer to the people of Chhattisgarh for their conduct. https://t.co/G5Kg9micOC'"
11/9/18 14:53,Negative,Pro Gov,"Congress leaves no opportunity to mock our tribal brothers and sisters. \n\nCongress makes fun of tribal culture, their customs, their clothes, their headgear. https://t.co/CmAGu8vI65'"
11/8/18 1:58,Positive,,New Year greetings to all Gujaratis. \n\nMay the coming year lead to the fulfilment of all your aspirations. May everyone be healthy and happy.\n\nSaal Mubarak!'
11/7/18 14:26,Positive,,A unique gesture by the @UN on Diwali! Happy to see this. https://t.co/0vLEn4gwnn'
11/7/18 10:30,Positive,,"Thank you for the splendid Diwali wishes, Your Highness Sheikh Mohammed bin Rashid Al Maktoum. \n\nWishing you a Happy Diwali as well. \n\nYour personal commitment towards robust India-UAE relations adds great strength to our bilateral ties. @HHShkMohd https://t.co/pSHyK7xBIL'"
11/6/18 14:08,Positive,,Best wishes for this festive season to you too. \n\nThanks for your kind words. https://t.co/9uuBUq6j8q'
11/5/18 14:24,Positive,,"Had a great meeting with Mrs. Kim Jung-sook, First Lady of the Republic of Korea. \n\nWe had fruitful discussions on ways to deepen bilateral cooperation between our nations. \n\nhttps://t.co/elGVHqBKXE https://t.co/1uU8CdsRQY'"
11/5/18 14:22,Positive,,Ayushman Bharat shows that the poor can get quality healthcare. \n\nHappy to see poor people benefitting from the scheme. https://t.co/uyTkjuFgKz'
11/3/18 15:27,Positive,,"Chhattisgarh is a young state with an ancient and rich heritage, and is home to hardworking people. \n\nOver the last 15 years the state has made great strides under @drramansingh Ji. \n\nI told a Karyakarta from Korba why the people of the state must bless BJP yet again. https://t.co/gNhCgKLvqS'"
10/31/18 14:32,Negative,Pro Gov,"Karyakartas from Rajsamand are anguished at the abuses Congress leaders throw at me. \n\nCongress may have hate and anger towards me but we have affection, respect and hardwork to give to this nation we all love.\n\nThe more dirt they throw at us, the more the Lotus will shine! https://t.co/SgjgpzpgOx'"
10/31/18 10:22,Positive,,"On the banks of the Narmada stands the majestic statue of a great man, who devoted his entire life towards nation building. \n\nIt was an absolute honour to dedicate the #StatueOfUnity to the nation. \n\nWe are grateful to Sardar Patel for all that he did for India. https://t.co/q2F4uMRjoc'"
10/31/18 5:08,Positive,,A tribute to the great Sardar Patel!  Dedicating the \xe2\x80\x98Statue of Unity\xe2\x80\x99 to the nation. Here\xe2\x80\x99s my speech. https://t.co/OEDjhW1MrT'
10/30/18 14:43,Positive,,"Tomorrow, on the Jayanti of Sardar Patel, the 'Statue of Unity' will be dedicated to the nation. \n\nThe statue, which is on the banks of the Narmada is a fitting tribute to the great Sardar Patel. https://t.co/9Z5PHE9uTM https://t.co/6TXMYPaJm6"""
10/30/18 10:19,Positive,,More technology for greater progress.   Addressing the India-Italy Technology Summit. https://t.co/Tqn285Hevs'
10/26/18 14:12,Positive,,"One of the greatest living Indian sculptors, Shri Ram Vanji Sutar created over 50 sculptures. His works include restoring sculptures found in Ellora &amp; Ajanta, Chambal monument at the Gandhi Sagar Dam, busts of Bapu and Gurudev Tagore and 'Statue of Unity.' Congratulations to him!"""
10/26/18 14:10,Positive,,"Shri Rajkumar Singhajit Singh is a doyen of Manipuri dance. He is widely respected as a great teacher, performer and choreographer. His efforts have gone a long way in keeping the Manipuri dance alive, and to promote harmony as well as creativity. Congratulations to him!'"
10/26/18 13:23,Positive,,Happy to see this. Please wish your father a Happy Birthday! https://t.co/ovwlg7pvGR'
10/25/18 15:53,Positive,,"Celebrating #Gandhi150 in the land of the two Niles, with this beautiful rendition of Bapu\xe2\x80\x99s \xe2\x80\x98Vaishnava Jana To\xe2\x80\x99 by popular Sudanese singer Rimaz Mirghani in the backdrop of Merowe Pyramids and the great River Nile flowing through the vast Sahara. \n\nhttps://t.co/ERIZZXlquq'"
10/24/18 15:08,Positive,,"I applaud the IT sector for institutionalising and strengthening CSR initiatives. All over India, wonderful things are happening thanks to volunteering by professionals, towards bringing a qualitative difference in the lives of others. #Self4Society https://t.co/gfccvoSrkJ'"
10/24/18 14:11,Positive,,"Sincerely thank the Seoul Peace Prize Cultural Foundation for the great honour. I most humbly accept the Award on behalf of all my Indian brothers &amp; sisters.  This is a recognition of New India's contribution to the well-being, progress, prosperity &amp; peace of the whole humankind."""
10/22/18 2:46,Positive,,"Greetings to @BJP4India President Shri @AmitShah on his birthday. Under Amit Bhai\xe2\x80\x99s leadership, the Party has expanded significantly across India. His rigour and hard work are great assets for the Party. I wish him a long and healthy life.'"
10/21/18 11:07,Positive,,Kudos to Tushar Mane for striking the Silver at the 2018 Youth Olympic Games in 10m Air Rifle Shooting event. \n\nHis dedication towards sports is commendable. \n\nIt was great meeting him today. May he win many more laurels in the times to come. https://t.co/1HFi9YxIal'
10/21/18 10:43,Positive,,"A midfielder's role is extremely important in Hockey, to convert opportunities into successes. \n\nChetna played this role with great skill for the Indian Junior Women's Hockey team in Youth Olympics 2018 and won us the silver medal. \n\nCongratulations Chetna! https://t.co/M9kqfE8Ac9"""
10/21/18 10:40,Neutral,,"Our captain leading from the front! \n\nWith Vivek Sagar Prasad, who captained the Silver medal winning Men's hockey team. \n\nVivek himself played well against Bangladesh, Australia and Malaysia. https://t.co/ONCtYuBWbn"""
10/21/18 10:28,Positive,,Sanjay\xe2\x80\x99s six goals through the 2018 Youth Olympics added much needed strength to the hockey team. Happy to have met this youngster. https://t.co/sZvPu5RUsp'
10/21/18 8:17,Positive,,"It is unfair that in the glorification of one family, the contribution of several other greats was deliberately forgotten. \n\nIt is high time more Indians know about the historic role of stalwarts Sardar Patel, Dr. Babasaheb Ambedkar and Netaji Subhas Bose. https://t.co/t7G34trODe'"
10/20/18 10:51,Positive,,"Great rendition of \xe2\x80\x98Vaishnava Jana To\xe2\x80\x99 by Ms. Hardev Kaur, a very popular singer in Malaysia. Gandhi Ji\xe2\x80\x99s message of tolerance and co-existence are truly reflected in Malaysia, where people from all sections of society live in harmony. #Gandhi150 \n\nhttps://t.co/J80qeAdQAP'"
10/20/18 10:49,Positive,,"Gandhi Ji's favourite \xe2\x80\x98Vaishnava Jana To\xe2\x80\x99 sung by renowned Malagasy folk group BenjaGasy with traditional Malagasy instruments against the backdrop of Ruva Queen\xe2\x80\x99s Palace. Happy to see immense respect for Bapu in Madagascar. #Gandhi150 \n\nhttps://t.co/gLblv9XCtP"""
10/19/18 15:10,Neutral,,Extremely saddened by the train accident in Amritsar. The tragedy is heart-wrenching. My deepest condolences to the families of those who lost their loved ones and I pray that the injured recover quickly. Have asked officials to provide immediate assistance that is required.'